ID,gender,name,DOB,area,city,phone,HMO,COB,height,weight,support
185482508,F,Shachar,1977-04-16 00:00:00,N,Akko,0549854732,Clalit,Morocco,1.6,71.0,False
161284774,M,Uri,1986-03-08 00:00:00,C,Jerusalem,0524215561,Meuhedet,Tripoli,2.02,99.0,False
235191504,F,Sarah,1970-02-06 00:00:00,S,Beer-Sheva,0527518507,Clalit,Slovakia,1.6600000000000001,44.0,True
345214527,M,Eden,1956-04-08 00:00:00,C,Bat-Yam,0522401150,Clalit,Argentina,1.6600000000000001,47.0,False
215903443,F,Miriam,1958-05-12 00:00:00,N,Haifa,0546360485,Maccabi,Russia,1.7,60.0,False
239528010,F,Tamar,1973-06-01 00:00:00,C,Jerusalem,0522551451,Meuhedet,Israel,1.76,88.0,True
260415322,M,Shai,1982-10-10 00:00:00,C,Bat-Yam,0524975183,Leumit,Brazil,1.5,46.0,True
310288737,M,Moran,1970-07-14 00:00:00,S,Eilat,0545244721,Leumit,Slovakia,1.78,69.0,True
123755814,F,Amit,1996-04-01 00:00:00,C,Herzliya,0543997595,Leumit,Israel,2.08,101.0,True
270821198,M,Moshe,1960-04-06 00:00:00,C,Jerusalem,0504473636,Clalit,Poland,1.8,90.0,True
384694747,F,Hadas,1969-12-14 00:00:00,S,Ashkelon,0548236600,Meuhedet,Israel,1.6600000000000001,67.0,True
137322939,F,Gila,1990-09-21 00:00:00,N,Akko,0502997544,Leumit,Russia,1.7,67.0,True
220390299,M,Neta,1990-05-01 00:00:00,C,Rehovot,0523312101,Clalit,Israel,1.58,66.0,True
337246286,F,Lior,1956-10-10 00:00:00,N,Zichron-Yaakov,0524126427,Leumit,Morocco,1.78,63.0,True
110848404,M,Eli,1978-03-05 00:00:00,S,Beer-Sheva,0504160022,Maccabi,Poland,1.6600000000000001,79.0,False
169095948,M,Shalev,1955-01-03 00:00:00,N,Nazareth,0507049445,Maccabi,Czech Republic,1.7,70.0,True
119747782,F,Tal,1994-01-28 00:00:00,C,Netanya,0544484098,Meuhedet,Russia,1.78,89.0,False
230379752,M,Uri,1993-02-12 00:00:00,C,Jerusalem,0548649245,Meuhedet,Tripoli,1.84,70.0,True
280143441,M,Jonathan,1958-09-26 00:00:00,S,Eilat,0528864331,Meuhedet,England,1.6400000000000001,69.0,False
311669150,M,Moran,1957-04-22 00:00:00,C,Herzliya,0541037034,Maccabi,Israel,1.84,98.0,True
157523815,M,Ariel,1968-07-14 00:00:00,N,Tiberias,0528418960,Maccabi,Czech Republic,1.8,80.0,False
134284890,F,Yuval,1982-09-26 00:00:00,N,Tiberias,0544958953,Leumit,Italy,1.78,65.0,True
350968434,F,Elisheva,1976-09-04 00:00:00,C,Bat-Yam,0506954312,Meuhedet,Morocco,2.06,91.0,False
314555393,F,Esther,1978-04-26 00:00:00,C,Tel-Aviv,0507864188,Clalit,Italy,1.82,78.0,True
175542846,M,Yuval,1993-07-26 00:00:00,N,Nazareth,0523727847,Leumit,Italy,1.74,80.0,False
289398683,M,Meir,1970-08-17 00:00:00,C,Rehovot,0543885738,Meuhedet,Slovakia,1.7,75.0,False
229420708,F,Naomi,1969-04-25 00:00:00,N,Nazareth,0546032323,Meuhedet,England,1.7,65.0,True
267053627,F,Ilana,1972-09-10 00:00:00,S,Ashdod,0506756635,Maccabi,Poland,1.6600000000000001,46.0,False
171553731,F,Amit,1958-03-28 00:00:00,C,Yavne,0545801578,Maccabi,Israel,1.7,62.0,True
256024792,F,Rebecca,1977-02-13 00:00:00,C,Givatayim,0522667139,Meuhedet,Slovakia,1.5,49.0,True
342451709,F,Gila,1988-01-14 00:00:00,N,Tiberias,0545368455,Leumit,Tripoli,1.6,49.0,True
337078814,F,Chana,1962-12-11 00:00:00,C,Ramat-Gan,0547565852,Leumit,Israel,1.86,65.0,False
328159397,F,Batya,1976-04-05 00:00:00,C,Herzliya,0509757035,Leumit,Israel,1.76,89.0,True
347336155,F,Shoshana,1977-01-11 00:00:00,S,Eilat,0526051123,Meuhedet,Poland,1.76,89.0,False
327390387,M,Nathan,1960-05-25 00:00:00,C,Rishon-LeZion,0541700873,Maccabi,Czech Republic,1.6800000000000002,56.0,True
182655217,F,Chana,1967-05-22 00:00:00,C,Givatayim,0546439833,Leumit,Israel,1.86,86.0,True
333969249,F,Eden,1981-04-17 00:00:00,C,Ramat-Gan,0522274030,Leumit,Brazil,1.78,95.0,True
163786140,F,Ora,1984-11-24 00:00:00,C,Holon,0528397750,Clalit,Ukraine,1.52,45.0,True
248136941,F,Miriam,1979-11-06 00:00:00,S,Ashkelon,0507679588,Clalit,Israel,1.72,99.0,True
336990290,M,Noam,1955-04-17 00:00:00,N,Nazareth,0508637997,Maccabi,Russia,1.8,83.0,False
243498521,F,Liora,1980-04-12 00:00:00,S,Eilat,0524675851,Meuhedet,Israel,1.6800000000000002,74.0,False
165370420,F,Or,1955-08-30 00:00:00,C,Petah-Tikva,0508901260,Leumit,Israel,1.76,64.0,False
154996912,F,Eden,1959-05-29 00:00:00,C,Bat-Yam,0547088584,Maccabi,Israel,1.74,72.0,False
111139921,F,Shachar,1980-10-19 00:00:00,C,Ramat-Gan,0547844918,Maccabi,Israel,1.54,67.0,True
236985744,F,Rebecca,1976-02-16 00:00:00,N,Haifa,0545914677,Meuhedet,Ukraine,1.8,73.0,True
220564252,F,Amit,1958-01-13 00:00:00,S,Beer-Sheva,0549318839,Maccabi,Italy,1.94,110.0,True
172496407,M,Yair,1988-09-11 00:00:00,C,Herzliya,0545812818,Leumit,Argentina,1.86,99.0,True
390688024,M,Nitzan,1974-05-17 00:00:00,N,Tiberias,0541619045,Maccabi,Israel,1.54,65.0,True
238737017,M,Reuven,1967-07-12 00:00:00,N,Akko,0503690895,Clalit,Ukraine,1.84,95.0,True
263049475,F,Hadas,1976-12-09 00:00:00,C,Petah-Tikva,0547760832,Leumit,Ukraine,1.8,70.0,True
366220260,F,Chana,1990-06-08 00:00:00,N,Tiberias,0543983817,Maccabi,Czech Republic,1.56,58.0,True
258553173,M,Rafi,1964-11-09 00:00:00,C,Petah-Tikva,0508895952,Clalit,Czech Republic,1.52,62.0,True
292780970,M,Barak,1976-04-19 00:00:00,N,Zichron-Yaakov,0529811879,Meuhedet,Tripoli,1.54,46.0,True
285307100,F,Neta,1969-11-13 00:00:00,C,Holon,0521697652,Meuhedet,Brazil,1.78,94.0,False
240022544,F,Sahar,1979-09-22 00:00:00,C,Rishon-LeZion,0545863231,Meuhedet,Czech Republic,1.76,86.0,True
368741331,M,Oren,1974-07-02 00:00:00,N,Nazareth,0543132844,Meuhedet,France,1.6,50.0,False
171954944,M,Asher,1958-03-02 00:00:00,N,Haifa,0547790598,Meuhedet,France,1.6,68.0,True
139833922,F,Or,1980-01-11 00:00:00,S,Ashkelon,0529512014,Leumit,Israel,1.82,79.0,True
317094942,F,Yuval,1987-11-22 00:00:00,C,Tel-Aviv,0523387267,Maccabi,Poland,1.7,74.0,True
236622616,F,Bracha,1960-08-20 00:00:00,C,Yavne,0524962542,Maccabi,Poland,1.54,66.0,True
118234846,F,Ora,1995-12-22 00:00:00,S,Beer-Sheva,0542806402,Maccabi,Israel,1.76,64.0,False
386594545,F,Nitzan,1993-07-23 00:00:00,C,Herzliya,0506888811,Meuhedet,France,1.5,44.0,True
241344176,F,Adi,1953-10-29 00:00:00,N,Haifa,0509458213,Leumit,Israel,1.58,49.0,False
119322846,F,Gal,1961-03-29 00:00:00,N,Akko,0541231508,Leumit,England,1.52,71.0,True
355229012,M,Or,1966-11-12 00:00:00,S,Ashdod,0547747371,Leumit,Morocco,1.86,72.0,True
370708487,F,Eden,1951-01-22 00:00:00,S,Ashkelon,0521269070,Leumit,Ukraine,1.58,78.0,True
312751194,F,Tova,1978-12-25 00:00:00,C,Petah-Tikva,0524525002,Maccabi,Morocco,1.7,75.0,True
133461325,F,Tamar,1966-11-28 00:00:00,S,Ashdod,0506499690,Meuhedet,Argentina,2.06,92.0,False
232459013,M,Omer,1990-02-15 00:00:00,C,Bat-Yam,0546920165,Maccabi,Poland,1.84,93.0,True
237156452,M,Ariel,1957-04-20 00:00:00,N,Akko,0505742419,Meuhedet,Russia,1.76,65.0,False
221335271,F,Penina,1991-11-06 00:00:00,N,Tiberias,0549854168,Maccabi,Ukraine,1.6,66.0,True
342575863,M,Eli,1982-07-05 00:00:00,S,Ashkelon,0505306079,Maccabi,Yemen,1.84,85.0,True
232997421,F,Ariel,1995-02-28 00:00:00,N,Akko,0544686175,Meuhedet,Israel,1.74,63.0,True
197535619,F,Amit,1984-04-26 00:00:00,C,Netanya,0501906594,Maccabi,Israel,1.8,83.0,True
187945427,F,Leah,1983-02-11 00:00:00,C,Bat-Yam,0545719028,Leumit,Israel,1.86,88.0,True
365905908,M,Yitzhak,1962-01-25 00:00:00,C,Jerusalem,0547099465,Meuhedet,Yemen,1.72,81.0,True
389546669,M,Amit,1995-03-04 00:00:00,N,Haifa,0543221980,Clalit,Israel,1.78,70.0,True
337364707,M,Oren,1992-10-02 00:00:00,C,Jerusalem,0502819965,Meuhedet,Russia,2.1,110.0,True
183452266,F,Batya,1994-05-26 00:00:00,C,Petah-Tikva,0541576696,Leumit,Ukraine,1.74,77.0,True
260463491,F,Keren,1978-04-22 00:00:00,S,Ashkelon,0525772485,Maccabi,Israel,1.5,56.0,True
269617203,F,Ronit,1959-10-17 00:00:00,C,Yavne,0505547065,Meuhedet,Israel,1.5,46.0,True
215867371,M,Tal,1975-08-18 00:00:00,C,Tel-Aviv,0526783278,Leumit,Israel,1.7,71.0,True
329793060,F,Elior,1981-08-22 00:00:00,N,Tiberias,0502355272,Meuhedet,Yemen,1.84,97.0,True
368056808,F,Ruth,1964-12-05 00:00:00,S,Ashdod,0504873070,Leumit,Israel,1.6,65.0,True
275202063,M,Daniel,1987-09-18 00:00:00,N,Akko,0522027645,Clalit,Ukraine,1.8800000000000001,71.0,True
111587044,F,Neta,1992-10-02 00:00:00,C,Tel-Aviv,0529508255,Leumit,Morocco,1.86,94.0,True
123975918,M,Nathan,1967-06-18 00:00:00,S,Ashkelon,0522352190,Maccabi,Tripoli,1.6600000000000001,60.0,True
169731008,F,Omer,1960-01-16 00:00:00,N,Tiberias,0506369536,Clalit,Israel,1.78,98.0,True
389080320,M,Nitzan,1956-05-22 00:00:00,S,Ashkelon,0543653557,Maccabi,Argentina,1.92,106.0,False
343275219,M,Benjamin,1993-02-12 00:00:00,N,Zichron-Yaakov,0548483361,Clalit,Czech Republic,1.6,72.0,True
186402342,F,Shira,1980-10-23 00:00:00,C,Tel-Aviv,0541033044,Leumit,Slovakia,1.72,61.0,False
126750566,F,Aviva,1955-03-07 00:00:00,S,Beer-Sheva,0508773725,Meuhedet,Israel,1.54,79.0,True
269910417,F,Ayala,1994-11-01 00:00:00,N,Tiberias,0502563476,Meuhedet,Argentina,1.6800000000000002,72.0,True
163696245,F,Rotem,1962-11-27 00:00:00,S,Beer-Sheva,0545186019,Meuhedet,Israel,1.78,98.0,True
210908528,M,Shai,1964-07-10 00:00:00,C,Ramat-Gan,0521150763,Leumit,Argentina,1.76,94.0,True
145737898,F,Rotem,1981-07-08 00:00:00,N,Tiberias,0548690132,Clalit,Czech Republic,1.8,75.0,True
224794654,F,Keren,1968-02-11 00:00:00,C,Yavne,0546460438,Meuhedet,Israel,1.62,66.0,True
282675204,F,Ilana,1955-01-23 00:00:00,C,Jerusalem,0509938502,Meuhedet,Israel,1.7,99.0,True
353660672,F,Batya,1971-10-18 00:00:00,S,Ashkelon,0502882539,Meuhedet,Israel,2.06,99.0,True
157405338,M,Asher,1966-05-13 00:00:00,C,Rishon-LeZion,0529893110,Leumit,Israel,1.6400000000000001,55.0,False
145493470,F,Shai,1979-06-09 00:00:00,N,Nazareth,0545439436,Meuhedet,England,1.52,44.0,True
265505097,F,Moran,1984-12-27 00:00:00,C,Jerusalem,0506300573,Meuhedet,Ukraine,1.84,67.0,True
325420577,M,Adi,1987-02-15 00:00:00,C,Herzliya,0548322788,Maccabi,Czech Republic,1.6400000000000001,59.0,True
345913335,F,Or,1960-03-11 00:00:00,C,Jerusalem,0522784646,Meuhedet,Israel,1.8800000000000001,74.0,True
160342304,F,Tamar,1959-02-28 00:00:00,C,Yavne,0547342724,Leumit,Czech Republic,1.76,97.0,True
351402736,F,Rotem,1978-07-04 00:00:00,S,Beer-Sheva,0525828349,Leumit,Poland,1.6,53.0,True
197638624,F,Amit,1975-10-05 00:00:00,S,Ashdod,0503927550,Meuhedet,Israel,1.72,60.0,True
346679794,F,Gila,1983-01-07 00:00:00,N,Akko,0502161530,Maccabi,Tripoli,1.8800000000000001,81.0,True
344231166,M,Eden,1960-10-17 00:00:00,S,Ashdod,0505805117,Leumit,France,1.62,78.0,True
355305334,F,Leah,1978-10-28 00:00:00,C,Holon,0509105281,Clalit,Russia,1.7,81.0,True
244744495,M,Moran,1974-04-05 00:00:00,C,Herzliya,0502918136,Clalit,Israel,1.5,48.0,True
141724484,F,Aviva,1953-12-05 00:00:00,N,Zichron-Yaakov,0524400637,Leumit,England,1.5,75.0,False
169226858,M,Asher,1950-03-29 00:00:00,C,Herzliya,0509143378,Maccabi,Russia,1.6600000000000001,52.0,True
155991293,M,Moran,1950-10-09 00:00:00,N,Tiberias,0546004743,Meuhedet,Israel,1.7,68.0,True
248742227,F,Shalev,1951-12-08 00:00:00,C,Holon,0523388557,Clalit,England,1.78,94.0,True
345825400,F,Ruth,1984-10-23 00:00:00,C,Holon,0542983109,Maccabi,Italy,1.8800000000000001,70.0,False
121870563,F,Shalev,1957-02-11 00:00:00,C,Holon,0501904279,Clalit,Israel,1.74,95.0,True
347362110,F,Michal,1963-07-09 00:00:00,C,Tel-Aviv,0545920465,Clalit,Israel,1.82,63.0,True
296248211,M,Gal,1975-12-05 00:00:00,S,Eilat,0507179444,Maccabi,Brazil,1.6800000000000002,66.0,True
243905615,F,Or,1951-03-28 00:00:00,C,Rishon-LeZion,0503245427,Clalit,Israel,1.74,97.0,False
162258018,F,Hannah,1983-11-26 00:00:00,N,Haifa,0501307613,Leumit,Ukraine,1.84,99.0,False
281575994,M,Adi,1967-07-17 00:00:00,C,Tel-Aviv,0528573109,Clalit,Yemen,1.72,81.0,True
151112353,M,Eli,1950-09-04 00:00:00,N,Tiberias,0544055420,Leumit,Israel,1.52,53.0,True
213604586,F,Ilana,1979-10-05 00:00:00,N,Zichron-Yaakov,0501891173,Maccabi,Israel,1.5,66.0,True
127927794,M,Isaac,1967-03-08 00:00:00,N,Haifa,0549792690,Maccabi,Israel,2.04,103.0,False
123994164,F,Adina,1956-06-03 00:00:00,C,Jerusalem,0543468943,Maccabi,Argentina,2.0,115.0,True
116890035,F,Miriam,1956-03-14 00:00:00,N,Zichron-Yaakov,0545161110,Meuhedet,Israel,1.86,95.0,True
158467535,F,Sarah,1970-04-18 00:00:00,S,Beer-Sheva,0529524576,Meuhedet,England,1.84,77.0,True
329843993,F,Or,1977-05-22 00:00:00,N,Akko,0523539453,Meuhedet,Israel,1.74,83.0,True
298662682,M,Jonathan,1973-12-16 00:00:00,N,Haifa,0549835346,Clalit,Russia,1.54,53.0,False
114612115,M,Jonathan,1951-06-14 00:00:00,N,Akko,0509831471,Meuhedet,Ukraine,1.8800000000000001,81.0,False
314403915,M,Jonathan,1979-04-13 00:00:00,S,Beer-Sheva,0541658650,Leumit,Morocco,1.6400000000000001,52.0,True
171324758,F,Shira,1960-06-28 00:00:00,S,Ashkelon,0501721024,Leumit,Slovakia,1.96,109.0,True
378356191,M,Isaac,1962-11-11 00:00:00,C,Tel-Aviv,0508370599,Leumit,Israel,1.78,66.0,True
395006653,F,Hadas,1951-01-13 00:00:00,N,Nazareth,0508750361,Meuhedet,Israel,1.84,94.0,False
379452414,F,Tova,1971-09-07 00:00:00,S,Eilat,0506936028,Meuhedet,Israel,1.6,56.0,True
267073416,F,Tamar,1980-02-25 00:00:00,N,Tiberias,0524029458,Maccabi,Czech Republic,1.54,58.0,False
113350907,F,Moran,1971-02-15 00:00:00,C,Rishon-LeZion,0505579907,Clalit,Israel,1.7,91.0,True
185031352,F,Liora,1987-08-24 00:00:00,C,Netanya,0505717221,Maccabi,Israel,1.8800000000000001,85.0,True
141117107,F,Rebecca,1977-11-30 00:00:00,C,Petah-Tikva,0503782992,Maccabi,Israel,1.52,79.0,False
254545295,F,Liora,1977-08-23 00:00:00,S,Ashkelon,0509587347,Clalit,Morocco,1.6600000000000001,74.0,True
266677877,F,Gila,1996-12-18 00:00:00,N,Tiberias,0506083088,Clalit,England,1.84,76.0,False
211935732,M,Nitzan,1965-03-29 00:00:00,C,Petah-Tikva,0547002247,Clalit,Slovakia,1.56,62.0,True
132816814,F,Leah,1953-01-10 00:00:00,N,Tiberias,0548902533,Clalit,England,1.78,93.0,True
127581806,F,Gal,1976-12-07 00:00:00,N,Haifa,0508353425,Clalit,Ukraine,1.82,91.0,True
159865603,F,Gal,1979-11-21 00:00:00,C,Netanya,0503294854,Clalit,Israel,1.8,68.0,True
250051953,F,Chana,1959-04-30 00:00:00,N,Akko,0547324466,Maccabi,Czech Republic,1.56,76.0,False
121219515,F,Shai,1954-02-13 00:00:00,N,Nazareth,0522994126,Clalit,Israel,1.72,63.0,False
151212008,M,Eli,1966-12-30 00:00:00,N,Tiberias,0509327403,Leumit,Argentina,1.86,76.0,True
265840198,F,Rebecca,1950-02-03 00:00:00,N,Haifa,0523022854,Maccabi,Czech Republic,1.8,77.0,False
355818585,F,Ora,1978-09-10 00:00:00,C,Herzliya,0549935665,Clalit,Yemen,1.82,63.0,True
170870800,F,Ora,1967-05-12 00:00:00,S,Eilat,0542848681,Leumit,Russia,1.52,45.0,True
165120044,F,Ruth,1977-10-08 00:00:00,C,Bat-Yam,0506346558,Maccabi,Israel,1.6800000000000002,53.0,False
183239802,F,Hadas,1989-01-10 00:00:00,N,Tiberias,0541068425,Leumit,Israel,1.6,51.0,False
315464191,F,Eden,1988-07-16 00:00:00,C,Herzliya,0509510668,Maccabi,Israel,1.8,97.0,True
186588867,M,Eli,1983-11-12 00:00:00,C,Petah-Tikva,0507733629,Maccabi,Israel,1.8800000000000001,68.0,True
173947533,M,Omer,1992-01-16 00:00:00,N,Haifa,0523528992,Leumit,Israel,1.84,74.0,True
115055083,F,Eden,1987-08-08 00:00:00,C,Holon,0503879924,Meuhedet,England,1.84,61.0,False
184578004,M,Rotem,1975-01-21 00:00:00,N,Zichron-Yaakov,0528198800,Meuhedet,England,1.6400000000000001,73.0,True
310735524,F,Shoshana,1985-11-01 00:00:00,S,Eilat,0506917976,Clalit,Israel,1.74,63.0,True
366255026,F,Or,1985-03-30 00:00:00,S,Beer-Sheva,0506729266,Leumit,Israel,1.84,83.0,True
163132260,F,Gila,1991-07-03 00:00:00,N,Haifa,0548886511,Clalit,Morocco,1.84,70.0,True
351074512,F,Adina,1951-05-10 00:00:00,C,Givatayim,0545032071,Clalit,Slovakia,1.6600000000000001,72.0,True
293910308,F,Tamar,1963-04-05 00:00:00,N,Nazareth,0548864240,Meuhedet,Brazil,1.84,95.0,True
158497743,F,Ariel,1994-07-07 00:00:00,C,Ramat-Gan,0524051006,Maccabi,Morocco,2.06,94.0,True
251277476,F,Doron,1961-08-28 00:00:00,C,Holon,0523800051,Maccabi,Slovakia,1.54,66.0,True
234557873,M,Gal,1953-01-19 00:00:00,S,Beer-Sheva,0546837158,Meuhedet,Israel,1.74,98.0,False
278725672,F,Or,1973-09-09 00:00:00,N,Akko,0546972703,Clalit,Russia,1.7,90.0,False
344164707,F,Tamar,1995-03-29 00:00:00,C,Petah-Tikva,0525122054,Leumit,Russia,1.56,74.0,True
323177295,M,Eli,1985-08-19 00:00:00,S,Ashkelon,0509149530,Leumit,Slovakia,1.84,91.0,False
283244934,F,Adina,1967-05-24 00:00:00,S,Ashdod,0547248405,Leumit,Morocco,1.62,51.0,False
163578053,M,Or,1975-06-23 00:00:00,C,Jerusalem,0506523686,Maccabi,Ukraine,1.6600000000000001,48.0,True
288864693,F,Hadas,1986-05-27 00:00:00,N,Tiberias,0549019533,Maccabi,Brazil,1.78,73.0,True
345610913,M,Aaron,1985-02-28 00:00:00,C,Rehovot,0528254966,Clalit,Czech Republic,1.8800000000000001,70.0,False
235805397,M,Nitzan,1996-12-15 00:00:00,C,Petah-Tikva,0522124110,Clalit,Slovakia,1.6,79.0,False
231021240,F,Ayala,1960-11-07 00:00:00,N,Nazareth,0545906547,Maccabi,Italy,1.6800000000000002,57.0,True
267018930,M,Adi,1979-09-05 00:00:00,C,Yavne,0503776392,Maccabi,Israel,1.6,57.0,True
217785924,M,Doron,1958-02-28 00:00:00,N,Akko,0524983385,Clalit,Brazil,1.82,80.0,True
276013376,F,Devorah,1987-10-14 00:00:00,C,Jerusalem,0523803453,Leumit,England,1.72,85.0,True
110606366,F,Leah,1966-11-02 00:00:00,N,Nazareth,0523690263,Leumit,Israel,1.78,79.0,False
380864635,F,Penina,1975-09-16 00:00:00,C,Bat-Yam,0508317264,Maccabi,Italy,1.96,105.0,True
141357169,F,Shalev,1979-05-06 00:00:00,C,Herzliya,0507845074,Maccabi,Italy,1.6600000000000001,79.0,True
333598160,F,Michal,1964-05-14 00:00:00,C,Rishon-LeZion,0505002833,Leumit,Russia,1.52,47.0,True
160733520,M,Uri,1964-12-29 00:00:00,C,Ramat-Gan,0503001268,Clalit,Israel,1.82,98.0,True
264687743,F,Amit,1962-05-16 00:00:00,C,Netanya,0502943480,Leumit,Czech Republic,2.0,99.0,False
312585453,F,Adina,1985-06-10 00:00:00,C,Givatayim,0505086110,Maccabi,Israel,1.54,57.0,True
221635786,F,Esther,1964-02-25 00:00:00,C,Netanya,0509186589,Maccabi,Israel,1.58,46.0,True
389628627,M,Eli,1972-06-30 00:00:00,S,Eilat,0549634788,Clalit,Israel,1.84,84.0,True
221635573,F,Shai,1981-01-30 00:00:00,S,Ashdod,0545933959,Leumit,Israel,1.6800000000000002,45.0,True
339080849,F,Leah,1973-02-19 00:00:00,N,Tiberias,0528214651,Clalit,Ukraine,1.86,74.0,True
150841429,F,Neta,1979-02-16 00:00:00,C,Netanya,0504226853,Meuhedet,Israel,1.6600000000000001,58.0,False
282694482,M,Rotem,1968-07-01 00:00:00,S,Beer-Sheva,0506629234,Leumit,France,1.72,76.0,False
238254059,F,Omer,1995-01-14 00:00:00,C,Petah-Tikva,0505335683,Clalit,Israel,1.76,72.0,True
199307230,F,Yuval,1977-06-20 00:00:00,C,Tel-Aviv,0528817735,Maccabi,Israel,1.62,56.0,False
314596503,F,Moran,1991-06-21 00:00:00,N,Nazareth,0529625943,Leumit,Italy,1.6600000000000001,71.0,True
351555004,F,Miriam,1963-09-27 00:00:00,C,Rehovot,0506291663,Leumit,Tripoli,1.5,66.0,True
130852516,M,Ariel,1995-10-07 00:00:00,C,Givatayim,0524339240,Meuhedet,Israel,1.54,54.0,True
173111521,F,Chana,1950-09-04 00:00:00,C,Rehovot,0504165324,Leumit,Israel,1.8800000000000001,77.0,True
367398210,F,Ayala,1960-08-30 00:00:00,N,Nazareth,0504857348,Maccabi,Israel,1.94,96.0,False
280408979,F,Doron,1952-02-04 00:00:00,C,Rehovot,0527882852,Leumit,Czech Republic,1.6,57.0,True
154681103,M,Gideon,1978-08-15 00:00:00,C,Ramat-Gan,0501559073,Maccabi,Israel,1.7,91.0,True
285355754,F,Shira,1971-03-28 00:00:00,N,Haifa,0541969673,Meuhedet,Tripoli,1.82,63.0,True
277727858,F,Gila,1993-07-08 00:00:00,C,Givatayim,0529391491,Meuhedet,Yemen,1.6400000000000001,63.0,True
364990922,F,Rotem,1965-11-03 00:00:00,C,Ramat-Gan,0544832288,Clalit,Israel,1.56,52.0,True
265288517,F,Moran,1969-02-28 00:00:00,C,Givatayim,0505228329,Meuhedet,Israel,1.98,112.0,True
360760859,M,Or,1989-05-28 00:00:00,C,Netanya,0547809029,Clalit,Russia,1.54,45.0,True
123499998,M,Or,1963-09-06 00:00:00,N,Tiberias,0524856699,Clalit,Israel,1.7,90.0,False
170602830,M,Moran,1979-11-27 00:00:00,N,Zichron-Yaakov,0501862417,Meuhedet,Israel,1.74,92.0,True
223185576,F,Tova,1981-05-18 00:00:00,C,Givatayim,0504019978,Maccabi,Israel,1.8800000000000001,80.0,True
317816280,F,Ilana,1977-11-12 00:00:00,N,Haifa,0523856175,Clalit,Russia,1.58,73.0,True
397004182,F,Moran,1978-01-10 00:00:00,C,Jerusalem,0543214172,Clalit,Morocco,1.96,102.0,True
279640281,M,Yitzhak,1965-12-23 00:00:00,C,Netanya,0549930565,Leumit,Israel,1.8800000000000001,84.0,False
123124874,M,Yitzhak,1963-01-23 00:00:00,N,Haifa,0546306717,Leumit,Israel,1.56,51.0,True
242079657,M,Yosef,1975-07-05 00:00:00,S,Beer-Sheva,0544278113,Leumit,Tripoli,1.6800000000000002,64.0,False
273001332,F,Hannah,1973-05-26 00:00:00,S,Eilat,0525267540,Maccabi,Israel,2.1,93.0,True
115232058,M,Yaakov,1987-06-02 00:00:00,C,Jerusalem,0521583262,Meuhedet,Israel,1.78,95.0,False
377587097,F,Batya,1955-07-28 00:00:00,S,Ashkelon,0523173682,Maccabi,Yemen,1.86,63.0,False
180980764,F,Ayala,1982-11-18 00:00:00,C,Tel-Aviv,0507593991,Maccabi,Slovakia,1.62,79.0,False
326363804,F,Nitzan,1961-02-24 00:00:00,S,Ashdod,0523260489,Meuhedet,England,1.62,77.0,True
356256052,F,Hannah,1954-10-15 00:00:00,N,Zichron-Yaakov,0548367873,Meuhedet,Russia,1.8,72.0,True
333542152,F,Rebecca,1958-08-11 00:00:00,C,Herzliya,0524848824,Clalit,Tripoli,1.76,73.0,True
147316256,F,Ronit,1957-01-14 00:00:00,N,Zichron-Yaakov,0505974200,Clalit,Tripoli,1.5,60.0,True
230827794,M,Yaakov,1981-04-01 00:00:00,C,Givatayim,0547571605,Leumit,Israel,1.9,105.0,True
231915244,M,Rafi,1979-02-27 00:00:00,C,Tel-Aviv,0526887391,Leumit,Israel,1.58,49.0,False
168896162,F,Ronit,1960-02-26 00:00:00,C,Givatayim,0502180992,Leumit,Israel,1.84,64.0,False
310615991,M,Zev,1980-11-14 00:00:00,N,Nazareth,0546770841,Leumit,Italy,1.72,89.0,True
145012482,M,Sahar,1961-09-03 00:00:00,C,Rehovot,0523384045,Clalit,Italy,1.82,91.0,True
213150580,M,Tal,1956-01-26 00:00:00,N,Haifa,0548266887,Clalit,Brazil,1.8800000000000001,99.0,True
310269636,F,Shalev,1955-12-21 00:00:00,N,Nazareth,0502813238,Clalit,Russia,1.76,60.0,False
345588010,M,Barak,1974-05-09 00:00:00,S,Ashkelon,0524417605,Maccabi,Israel,1.6800000000000002,52.0,False
115071902,M,Itai,1967-12-12 00:00:00,C,Netanya,0504132500,Leumit,Poland,1.6600000000000001,66.0,False
394170164,M,Omer,1967-05-02 00:00:00,N,Akko,0543630732,Meuhedet,Italy,1.72,64.0,True
377222685,M,Eliezer,1993-06-10 00:00:00,C,Netanya,0541186972,Meuhedet,Israel,1.82,72.0,False
231550631,F,Shira,1987-08-05 00:00:00,C,Tel-Aviv,0523006181,Maccabi,Israel,1.62,54.0,True
325008359,F,Hannah,1953-01-09 00:00:00,C,Jerusalem,0505937256,Maccabi,Russia,1.76,69.0,False
370837161,F,Tova,1965-12-30 00:00:00,C,Givatayim,0545721094,Clalit,England,1.74,89.0,True
397422976,F,Moran,1988-02-26 00:00:00,C,Jerusalem,0548072645,Clalit,Israel,1.6800000000000002,57.0,False
170419982,F,Bracha,1987-09-20 00:00:00,N,Nazareth,0544231501,Leumit,Brazil,1.8,94.0,True
258266432,M,Tal,1976-03-13 00:00:00,C,Herzliya,0508141432,Clalit,Israel,1.86,63.0,True
156032198,M,Amit,1973-04-07 00:00:00,S,Ashdod,0544361541,Maccabi,Russia,1.56,72.0,True
214069621,M,Nitzan,1984-01-11 00:00:00,S,Ashdod,0504935627,Meuhedet,Ukraine,1.54,72.0,False
115773345,F,Rachel,1974-07-17 00:00:00,N,Tiberias,0546454490,Leumit,Italy,1.74,64.0,False
317830201,F,Michal,1976-06-25 00:00:00,N,Zichron-Yaakov,0522330494,Meuhedet,Italy,1.6600000000000001,53.0,True
129922055,M,Zev,1982-12-20 00:00:00,S,Ashkelon,0522720856,Maccabi,Israel,1.58,45.0,True
319714274,M,Avraham,1951-09-14 00:00:00,C,Bat-Yam,0504593277,Leumit,Israel,2.0,98.0,False
343791148,M,Tzur,1975-06-10 00:00:00,N,Tiberias,0529720756,Meuhedet,France,1.8,60.0,False
146432908,F,Aviva,1963-02-23 00:00:00,S,Beer-Sheva,0522793491,Meuhedet,Israel,1.58,52.0,False
296031199,F,Lior,1969-02-06 00:00:00,N,Tiberias,0542963151,Leumit,Israel,1.7,91.0,True
337439152,F,Liora,1965-05-23 00:00:00,C,Rishon-LeZion,0527860623,Leumit,Italy,1.6800000000000002,72.0,True
279893384,M,Itai,1981-04-21 00:00:00,C,Yavne,0504841068,Maccabi,Israel,1.58,61.0,True
358162344,F,Shachar,1954-01-25 00:00:00,C,Rishon-LeZion,0548423140,Leumit,Israel,1.84,97.0,False
358545585,F,Shai,1978-03-28 00:00:00,S,Ashdod,0503044403,Maccabi,Russia,1.6400000000000001,48.0,False
321222488,F,Bracha,1990-12-09 00:00:00,S,Beer-Sheva,0504337362,Clalit,Poland,1.56,77.0,False
223761110,F,Nitzan,1981-11-19 00:00:00,C,Herzliya,0544760551,Maccabi,Israel,1.76,64.0,True
394434438,M,Oren,1979-05-21 00:00:00,C,Rishon-LeZion,0521203310,Leumit,Italy,1.82,67.0,False
181302698,M,Doron,1983-05-01 00:00:00,C,Rehovot,0522799313,Clalit,Poland,1.52,44.0,True
133778074,M,Shlomo,1955-01-25 00:00:00,C,Netanya,0522320860,Clalit,Israel,1.78,65.0,False
156396769,M,Yaakov,1966-07-23 00:00:00,C,Ramat-Gan,0546703759,Clalit,Israel,1.74,96.0,True
274504017,F,Liora,1963-12-02 00:00:00,N,Zichron-Yaakov,0501022392,Maccabi,Argentina,1.72,97.0,True
283299237,M,Eliezer,1993-11-26 00:00:00,N,Haifa,0545040212,Leumit,Israel,1.82,69.0,True
178751059,F,Or,1993-02-19 00:00:00,N,Akko,0547557473,Leumit,Israel,1.7,89.0,True
257358682,M,Tzur,1983-04-08 00:00:00,S,Ashdod,0526928384,Maccabi,Israel,1.76,97.0,True
220607793,M,Tal,1978-12-21 00:00:00,N,Zichron-Yaakov,0502901056,Meuhedet,Russia,1.76,87.0,False
267651786,M,Adi,1980-12-21 00:00:00,C,Rehovot,0526612955,Clalit,Slovakia,1.7,80.0,True
346359594,F,Keren,1966-02-06 00:00:00,S,Ashkelon,0505285888,Clalit,Israel,1.52,72.0,True
279229864,F,Devorah,1964-05-20 00:00:00,C,Rishon-LeZion,0526551020,Leumit,Argentina,1.82,60.0,False
138887676,M,Tal,1969-02-26 00:00:00,N,Akko,0506215307,Leumit,Israel,1.54,76.0,False
258804949,F,Gal,1980-04-09 00:00:00,N,Zichron-Yaakov,0508784295,Leumit,Israel,1.8,94.0,True
395471838,F,Ariel,1973-05-28 00:00:00,S,Eilat,0501128883,Clalit,Israel,1.54,45.0,True
285681341,M,Sahar,1968-03-11 00:00:00,C,Ramat-Gan,0501746531,Clalit,Argentina,1.6,48.0,True
361964002,F,Elisheva,1951-11-11 00:00:00,C,Ramat-Gan,0545701254,Clalit,Israel,1.78,92.0,False
231733409,M,Shlomo,1983-03-12 00:00:00,C,Holon,0548062315,Maccabi,Ukraine,1.8800000000000001,97.0,True
212100483,F,Lior,1977-06-26 00:00:00,C,Yavne,0548160699,Leumit,Israel,1.6,52.0,True
368479769,M,Eitan,1960-10-07 00:00:00,N,Nazareth,0529069033,Maccabi,Yemen,1.54,70.0,True
258971507,M,Aaron,1985-06-28 00:00:00,C,Rehovot,0548261428,Leumit,Morocco,1.74,62.0,False
283632613,F,Chana,1978-02-03 00:00:00,N,Nazareth,0549505404,Meuhedet,Israel,1.92,93.0,True
394036220,F,Chana,1969-04-27 00:00:00,C,Tel-Aviv,0548953195,Leumit,Yemen,1.8,73.0,True
221879484,F,Ora,1996-02-06 00:00:00,N,Akko,0508715742,Clalit,Italy,1.74,78.0,True
260025918,F,Elior,1994-06-13 00:00:00,C,Rehovot,0526457536,Meuhedet,Israel,1.84,69.0,False
180083266,F,Hannah,1972-11-04 00:00:00,S,Eilat,0505512754,Maccabi,Ukraine,1.56,56.0,True
238702606,M,Jonathan,1979-02-13 00:00:00,S,Eilat,0525053003,Leumit,Israel,1.6800000000000002,66.0,False
364981291,F,Lior,1984-07-15 00:00:00,N,Akko,0503467372,Maccabi,Israel,1.6400000000000001,49.0,True
334257294,M,Rafi,1965-10-29 00:00:00,N,Zichron-Yaakov,0541245694,Leumit,Israel,1.8800000000000001,90.0,False
384562380,F,Shachar,1964-01-19 00:00:00,C,Netanya,0523095050,Maccabi,Ukraine,1.6,51.0,True
211562794,M,Isaac,1963-05-07 00:00:00,C,Petah-Tikva,0542903305,Clalit,Ukraine,1.76,90.0,True
132538832,M,Moran,1977-11-19 00:00:00,N,Nazareth,0544144134,Maccabi,Russia,1.84,71.0,False
169570513,F,Liora,1961-06-29 00:00:00,C,Rishon-LeZion,0509977657,Leumit,Czech Republic,1.94,95.0,False
293111550,F,Ruth,1950-11-15 00:00:00,N,Nazareth,0542244289,Maccabi,France,1.78,62.0,False
180141353,F,Adina,1955-08-23 00:00:00,C,Netanya,0543073765,Leumit,Poland,1.72,94.0,False
148185196,F,Lior,1959-10-28 00:00:00,N,Zichron-Yaakov,0547922906,Clalit,Italy,1.74,86.0,True
211023047,F,Penina,1976-04-26 00:00:00,C,Jerusalem,0521681432,Meuhedet,Russia,1.74,87.0,True
210973320,F,Shalev,1984-08-14 00:00:00,S,Ashdod,0502394712,Maccabi,Czech Republic,1.84,91.0,True
231502691,F,Michal,1954-01-17 00:00:00,C,Givatayim,0507085294,Maccabi,Argentina,1.8800000000000001,86.0,True
126865984,F,Miriam,1959-07-07 00:00:00,C,Rehovot,0507542839,Clalit,Israel,1.6400000000000001,46.0,True
211950488,F,Elisheva,1982-09-17 00:00:00,C,Herzliya,0509184993,Leumit,Brazil,1.58,53.0,True
197405048,F,Keren,1977-05-10 00:00:00,C,Rehovot,0542697549,Leumit,England,1.74,97.0,True
258508648,F,Shira,1978-08-02 00:00:00,N,Tiberias,0546391161,Meuhedet,Italy,1.6,44.0,True
345825958,M,Yair,1981-08-10 00:00:00,N,Nazareth,0524101853,Maccabi,Israel,1.76,96.0,True
232935647,F,Hannah,1995-04-10 00:00:00,N,Akko,0504190362,Maccabi,France,1.84,82.0,True
340761006,F,Nitzan,1977-09-30 00:00:00,C,Bat-Yam,0528223609,Leumit,Ukraine,2.0,116.0,True
269320711,F,Shachar,1964-06-14 00:00:00,N,Zichron-Yaakov,0526470833,Leumit,Israel,1.58,70.0,False
126123428,F,Leah,1987-04-07 00:00:00,C,Netanya,0546466256,Leumit,Israel,1.6800000000000002,71.0,True
343369092,F,Nitzan,1962-04-24 00:00:00,C,Bat-Yam,0501711031,Leumit,Israel,1.6600000000000001,61.0,False
257737673,M,Oren,1952-12-11 00:00:00,N,Haifa,0508639327,Leumit,England,1.8800000000000001,93.0,True
372593793,F,Batya,1980-04-21 00:00:00,N,Zichron-Yaakov,0544423167,Clalit,Israel,1.6,44.0,True
231012772,F,Elisheva,1958-03-04 00:00:00,C,Tel-Aviv,0542895543,Meuhedet,Slovakia,2.02,119.0,True
129369962,F,Hadas,1989-11-08 00:00:00,N,Nazareth,0545751781,Leumit,Israel,1.52,61.0,True
238464440,M,Doron,1992-02-25 00:00:00,C,Holon,0507362434,Leumit,Yemen,1.82,77.0,True
366708906,F,Neta,1961-10-23 00:00:00,C,Holon,0548613273,Meuhedet,Brazil,1.6400000000000001,56.0,True
167987689,M,Yuval,1950-07-03 00:00:00,N,Nazareth,0504220484,Meuhedet,Russia,1.6,75.0,True
220991167,F,Ayala,1979-12-27 00:00:00,C,Jerusalem,0507171694,Meuhedet,Israel,1.56,79.0,True
157836890,F,Rachel,1970-11-28 00:00:00,C,Rishon-LeZion,0507464305,Leumit,Czech Republic,1.8800000000000001,69.0,True
263656039,M,Meir,1995-09-08 00:00:00,S,Eilat,0548083151,Clalit,Czech Republic,1.54,69.0,True
275836299,F,Ariel,1983-11-21 00:00:00,C,Netanya,0503835446,Meuhedet,Yemen,1.6800000000000002,51.0,True
118929018,F,Gal,1983-11-05 00:00:00,C,Holon,0522875156,Clalit,Czech Republic,1.78,83.0,False
270461705,M,Rotem,1968-07-24 00:00:00,S,Ashdod,0528111196,Clalit,Italy,1.72,68.0,True
182516811,M,Neta,1958-06-11 00:00:00,C,Rishon-LeZion,0504991608,Clalit,France,1.76,61.0,True
123015726,F,Ayala,1990-12-07 00:00:00,C,Jerusalem,0547759659,Leumit,Israel,1.92,104.0,True
248513561,M,Benjamin,1968-01-29 00:00:00,N,Zichron-Yaakov,0527181230,Clalit,Poland,1.52,67.0,True
317159491,F,Yuval,1958-03-06 00:00:00,N,Nazareth,0543902081,Meuhedet,Israel,1.76,65.0,True
396494243,M,Jonathan,1994-05-24 00:00:00,N,Haifa,0543852447,Maccabi,Israel,2.04,91.0,True
351948990,F,Gal,1987-03-06 00:00:00,C,Holon,0545758556,Leumit,Russia,1.6400000000000001,74.0,True
342351975,F,Ilana,1955-04-14 00:00:00,S,Ashdod,0502648929,Maccabi,Poland,1.72,72.0,False
227154617,F,Elior,1995-06-05 00:00:00,N,Zichron-Yaakov,0505441993,Leumit,Israel,1.9,91.0,False
255573707,F,Keren,1955-07-21 00:00:00,N,Zichron-Yaakov,0547561986,Clalit,Israel,1.8,76.0,True
356391232,M,David,1994-12-29 00:00:00,N,Zichron-Yaakov,0549477822,Clalit,Ukraine,1.82,70.0,True
238498640,M,Reuven,1971-07-27 00:00:00,N,Akko,0543611548,Clalit,Russia,1.86,95.0,True
237471518,M,Noam,1976-11-03 00:00:00,N,Haifa,0541802946,Clalit,Argentina,1.76,88.0,True
217799100,F,Adina,1983-10-24 00:00:00,C,Givatayim,0526397659,Leumit,Israel,1.7,87.0,True
223853965,F,Ora,1958-06-30 00:00:00,C,Ramat-Gan,0541866383,Leumit,Argentina,1.76,92.0,True
213822999,F,Penina,1980-11-04 00:00:00,N,Tiberias,0507872860,Meuhedet,Israel,1.82,72.0,False
367535626,F,Sarah,1976-11-08 00:00:00,N,Nazareth,0526936466,Maccabi,Yemen,1.78,60.0,False
118471957,M,Meir,1977-09-10 00:00:00,C,Bat-Yam,0549842879,Maccabi,Russia,1.72,84.0,True
155932673,M,Yair,1955-10-05 00:00:00,S,Eilat,0545912493,Maccabi,Morocco,1.78,81.0,True
268394958,F,Omer,1983-02-20 00:00:00,N,Tiberias,0543077117,Leumit,Israel,1.9,114.0,True
359368911,F,Doron,1976-01-10 00:00:00,S,Ashdod,0527780267,Clalit,Morocco,2.06,96.0,True
139550277,F,Rotem,1986-07-20 00:00:00,C,Bat-Yam,0505097579,Meuhedet,Czech Republic,1.7,83.0,True
269905182,M,Neta,1983-07-21 00:00:00,S,Ashkelon,0527261306,Clalit,Slovakia,1.8800000000000001,60.0,False
137082126,M,Gal,1984-07-20 00:00:00,C,Bat-Yam,0528868242,Meuhedet,Poland,2.04,101.0,True
390680477,M,David,1993-05-11 00:00:00,N,Akko,0529706660,Clalit,Czech Republic,1.7,93.0,True
246670827,F,Shachar,1992-08-05 00:00:00,C,Tel-Aviv,0528493269,Meuhedet,Israel,1.8800000000000001,60.0,True
297761702,F,Shai,1975-05-10 00:00:00,C,Holon,0521581095,Meuhedet,Israel,1.56,67.0,False
367184857,F,Adina,1955-06-01 00:00:00,C,Ramat-Gan,0525321913,Meuhedet,Morocco,1.7,96.0,True
345038805,F,Yuval,1963-03-16 00:00:00,C,Rehovot,0501473257,Meuhedet,Israel,1.52,50.0,True
365754996,F,Devorah,1976-06-21 00:00:00,S,Eilat,0503855808,Leumit,Ukraine,1.8800000000000001,63.0,False
128302527,M,Aaron,1995-11-24 00:00:00,N,Akko,0522087170,Meuhedet,Israel,1.74,66.0,True
293912894,F,Tamar,1993-04-28 00:00:00,C,Holon,0529724422,Maccabi,Brazil,1.8,66.0,True
284856665,M,Jonathan,1992-06-29 00:00:00,C,Yavne,0509492272,Clalit,Morocco,1.74,97.0,True
131316373,M,Shlomo,1962-04-10 00:00:00,C,Tel-Aviv,0501966434,Leumit,Brazil,1.62,60.0,False
331206263,F,Esther,1958-03-03 00:00:00,N,Tiberias,0542479580,Leumit,Morocco,1.76,74.0,False
220461139,F,Batya,1957-03-02 00:00:00,S,Beer-Sheva,0544542345,Meuhedet,Morocco,1.56,68.0,True
367744922,F,Leah,1982-04-03 00:00:00,N,Zichron-Yaakov,0528375771,Meuhedet,Tripoli,1.92,113.0,False
268681731,M,Eitan,1971-04-15 00:00:00,N,Zichron-Yaakov,0502073121,Meuhedet,Tripoli,1.7,81.0,True
374678325,F,Gal,1950-09-11 00:00:00,C,Rishon-LeZion,0508130447,Meuhedet,Brazil,1.82,62.0,True
332159918,F,Amit,1973-10-19 00:00:00,S,Beer-Sheva,0524689620,Meuhedet,Israel,1.84,64.0,True
118487434,F,Sahar,1954-09-15 00:00:00,C,Rishon-LeZion,0524692112,Maccabi,Morocco,1.72,68.0,True
367826447,F,Shai,1987-09-22 00:00:00,C,Bat-Yam,0544283473,Meuhedet,Poland,2.08,111.0,True
113758545,F,Penina,1992-07-16 00:00:00,C,Herzliya,0522773842,Meuhedet,England,1.76,87.0,True
386542160,M,Zev,1984-11-29 00:00:00,C,Herzliya,0547041490,Leumit,Argentina,1.84,61.0,True
324189955,F,Moran,1987-04-20 00:00:00,C,Netanya,0507465611,Meuhedet,Ukraine,1.6600000000000001,46.0,False
282390069,F,Sarah,1971-04-23 00:00:00,S,Eilat,0507708904,Clalit,Tripoli,1.6400000000000001,61.0,True
182795236,F,Shira,1979-09-26 00:00:00,C,Rishon-LeZion,0508879869,Meuhedet,France,1.7,92.0,False
160130534,F,Aviva,1996-10-30 00:00:00,N,Tiberias,0522161058,Leumit,England,1.52,78.0,False
376501460,M,Moran,1973-06-03 00:00:00,N,Akko,0549005640,Meuhedet,Israel,1.76,97.0,True
163539965,F,Amit,1967-05-28 00:00:00,N,Akko,0502080600,Clalit,England,2.04,107.0,False
358069616,M,Shachar,1980-08-29 00:00:00,C,Tel-Aviv,0521576222,Maccabi,England,1.92,104.0,True
336634960,M,Meir,1994-02-16 00:00:00,C,Holon,0502775070,Maccabi,Italy,1.54,51.0,True
319190230,M,Lior,1956-05-29 00:00:00,C,Tel-Aviv,0521718329,Maccabi,Yemen,1.8,76.0,False
384578041,F,Rebecca,1991-01-16 00:00:00,C,Bat-Yam,0528050144,Clalit,Israel,1.54,61.0,True
119505663,F,Sahar,1994-08-29 00:00:00,N,Haifa,0507467215,Maccabi,Israel,1.74,83.0,True
282633004,F,Shira,1986-06-24 00:00:00,C,Herzliya,0505269183,Maccabi,France,1.6400000000000001,76.0,True
386016004,F,Elisheva,1973-12-10 00:00:00,C,Givatayim,0505058968,Clalit,Slovakia,1.6400000000000001,55.0,True
322052782,F,Bracha,1977-07-16 00:00:00,C,Jerusalem,0546504281,Clalit,Argentina,1.6600000000000001,47.0,True
211338319,M,Moshe,1983-04-16 00:00:00,C,Jerusalem,0523350628,Maccabi,Israel,2.08,99.0,False
289010138,F,Ruth,1986-12-04 00:00:00,C,Rehovot,0544053657,Leumit,Russia,1.76,89.0,True
211789818,F,Ronit,1954-06-26 00:00:00,C,Herzliya,0548399130,Meuhedet,Brazil,1.62,72.0,False
370552150,M,Yaakov,1951-08-15 00:00:00,C,Jerusalem,0542367668,Leumit,Israel,1.84,68.0,True
316312869,F,Tamar,1967-03-17 00:00:00,C,Yavne,0542051146,Meuhedet,Russia,1.74,67.0,True
133802421,M,Eliezer,1950-04-30 00:00:00,C,Rehovot,0527088236,Clalit,Israel,1.5,70.0,False
177531128,F,Devorah,1955-10-20 00:00:00,C,Ramat-Gan,0528263206,Meuhedet,Yemen,2.06,94.0,False
266668448,F,Chana,1976-10-11 00:00:00,C,Tel-Aviv,0501007038,Meuhedet,Tripoli,1.82,91.0,True
378878908,F,Leah,1978-06-11 00:00:00,S,Eilat,0521634143,Maccabi,Brazil,1.86,60.0,True
211528836,F,Devorah,1950-06-08 00:00:00,C,Ramat-Gan,0548728669,Maccabi,Russia,1.6800000000000002,65.0,True
129734177,M,Gal,1982-09-22 00:00:00,S,Beer-Sheva,0545937415,Maccabi,Italy,1.76,63.0,True
359389639,M,Yuval,1995-07-19 00:00:00,C,Yavne,0507739143,Leumit,England,1.8,94.0,True
321323712,M,Shlomo,1978-06-15 00:00:00,S,Ashkelon,0505225248,Maccabi,Israel,1.76,78.0,True
154577600,F,Omer,1954-01-21 00:00:00,N,Nazareth,0542212317,Meuhedet,Ukraine,1.5,49.0,False
383423241,M,Eliezer,1988-04-20 00:00:00,C,Bat-Yam,0548100680,Maccabi,Israel,1.62,60.0,True
283349190,F,Batya,1979-07-13 00:00:00,S,Eilat,0548717703,Maccabi,Israel,1.78,61.0,True
111418078,F,Rotem,1952-11-20 00:00:00,C,Yavne,0527363213,Meuhedet,Israel,1.8800000000000001,95.0,True
239445355,M,Asher,1968-06-18 00:00:00,S,Ashdod,0529641256,Leumit,Israel,1.8800000000000001,99.0,False
188715682,F,Keren,1989-10-21 00:00:00,C,Rehovot,0543818707,Meuhedet,Ukraine,1.62,45.0,True
345555861,F,Batya,1954-06-17 00:00:00,N,Akko,0527620724,Clalit,Israel,1.7,64.0,True
364395612,F,Sarah,1984-10-27 00:00:00,C,Jerusalem,0547658404,Meuhedet,England,2.04,117.0,True
313399517,F,Hadas,1977-11-01 00:00:00,C,Ramat-Gan,0543426468,Clalit,England,1.72,89.0,True
259241043,F,Shira,1951-04-11 00:00:00,C,Givatayim,0525171706,Meuhedet,Argentina,1.56,70.0,False
145057549,M,Yair,1986-04-30 00:00:00,C,Tel-Aviv,0521882549,Meuhedet,Israel,1.8800000000000001,93.0,True
215083051,F,Keren,1962-01-18 00:00:00,S,Ashdod,0541991261,Clalit,Israel,1.8800000000000001,62.0,True
189089356,F,Gal,1965-11-11 00:00:00,N,Akko,0504737993,Leumit,Russia,1.7,71.0,False
361998541,M,Or,1958-01-19 00:00:00,N,Tiberias,0522765253,Meuhedet,Slovakia,1.86,74.0,True
267000776,M,Aaron,1986-01-12 00:00:00,N,Tiberias,0546246844,Leumit,Poland,1.6600000000000001,60.0,False
238322395,F,Eden,1978-03-16 00:00:00,C,Yavne,0507010719,Maccabi,Brazil,1.58,64.0,True
147081980,F,Adi,1963-10-06 00:00:00,C,Rishon-LeZion,0507501439,Meuhedet,Slovakia,1.6600000000000001,57.0,True
178821585,F,Sarah,1973-09-03 00:00:00,S,Ashkelon,0507573069,Meuhedet,Czech Republic,1.76,62.0,False
391116371,M,Daniel,1966-05-26 00:00:00,C,Ramat-Gan,0547840273,Clalit,Argentina,1.52,58.0,True
388822171,F,Adi,1985-12-03 00:00:00,C,Petah-Tikva,0505488916,Maccabi,Russia,1.56,47.0,True
332208417,F,Shoshana,1970-10-23 00:00:00,C,Petah-Tikva,0528711056,Meuhedet,Israel,1.76,67.0,True
110707292,M,Oren,1953-02-11 00:00:00,N,Tiberias,0522322189,Clalit,Israel,1.52,71.0,True
379721068,M,Oren,1993-08-16 00:00:00,C,Petah-Tikva,0528328216,Meuhedet,England,1.7,68.0,False
230183573,F,Hannah,1965-03-25 00:00:00,S,Beer-Sheva,0501991066,Leumit,Israel,1.86,72.0,True
151525001,M,Adi,1966-04-20 00:00:00,N,Akko,0544299874,Clalit,Yemen,1.84,99.0,False
376601605,F,Elior,1994-04-23 00:00:00,N,Tiberias,0549723428,Meuhedet,Israel,1.92,117.0,True
115896350,F,Adi,1954-02-22 00:00:00,N,Akko,0541243718,Meuhedet,Israel,1.7,76.0,True
389700162,F,Or,1975-10-20 00:00:00,C,Netanya,0544618948,Meuhedet,Brazil,1.86,61.0,False
311128207,F,Eden,1979-09-30 00:00:00,C,Herzliya,0524533478,Meuhedet,Israel,1.96,107.0,False
293523091,M,Eli,1961-10-23 00:00:00,N,Tiberias,0507500492,Meuhedet,Israel,1.78,99.0,True
183677838,F,Ora,1974-10-14 00:00:00,C,Herzliya,0508936279,Clalit,Israel,1.74,67.0,True
380716842,M,Shalev,1950-02-18 00:00:00,N,Nazareth,0525173305,Maccabi,England,1.6400000000000001,65.0,True
269734344,M,Gideon,1963-07-01 00:00:00,N,Haifa,0526704630,Meuhedet,Yemen,1.54,45.0,True
248441444,F,Tova,1960-07-11 00:00:00,S,Beer-Sheva,0524272295,Leumit,Tripoli,1.54,76.0,True
227619885,M,Doron,1972-12-07 00:00:00,N,Tiberias,0528406009,Meuhedet,Israel,1.7,96.0,True
256386619,F,Ronit,1996-01-20 00:00:00,C,Ramat-Gan,0503574543,Leumit,Israel,1.82,76.0,True
326509588,F,Nitzan,1954-01-19 00:00:00,C,Rishon-LeZion,0508241341,Meuhedet,Czech Republic,1.94,104.0,False
244733861,M,Itai,1960-01-29 00:00:00,C,Tel-Aviv,0522515310,Clalit,Morocco,1.84,83.0,False
141460518,F,Adi,1962-04-26 00:00:00,N,Akko,0528093017,Clalit,Poland,1.54,63.0,True
292576368,M,Oren,1954-12-03 00:00:00,C,Jerusalem,0541535779,Maccabi,Russia,1.54,74.0,True
378965194,F,Eden,1954-02-12 00:00:00,S,Beer-Sheva,0545917444,Clalit,Yemen,1.76,77.0,True
259993493,F,Moran,1972-12-10 00:00:00,C,Holon,0547291724,Meuhedet,Russia,1.56,71.0,True
292930256,F,Lior,1966-08-03 00:00:00,N,Zichron-Yaakov,0522928179,Leumit,Poland,1.8800000000000001,60.0,False
179514677,M,Eli,1975-11-12 00:00:00,S,Ashkelon,0549823557,Maccabi,Israel,1.8,72.0,True
348841775,F,Yuval,1994-07-30 00:00:00,S,Ashkelon,0506508375,Maccabi,Ukraine,1.72,90.0,True
183718996,F,Doron,1972-04-20 00:00:00,N,Haifa,0542489103,Maccabi,Russia,1.8800000000000001,66.0,True
278475719,F,Devorah,1980-03-08 00:00:00,S,Ashdod,0544955738,Maccabi,Argentina,1.6800000000000002,52.0,True
351916868,F,Ora,1956-12-03 00:00:00,C,Petah-Tikva,0527922875,Leumit,Morocco,1.5,51.0,True
245614438,M,Eliezer,1963-08-08 00:00:00,C,Bat-Yam,0548775054,Clalit,Italy,1.76,63.0,False
316122565,F,Shira,1979-06-23 00:00:00,C,Holon,0528281800,Maccabi,Israel,1.76,80.0,True
257891987,F,Aviva,1974-08-13 00:00:00,S,Ashkelon,0543376740,Maccabi,Russia,1.52,53.0,True
292546976,M,Shai,1984-02-14 00:00:00,N,Nazareth,0522654187,Meuhedet,Tripoli,1.82,97.0,True
343787105,F,Adi,1978-12-03 00:00:00,C,Tel-Aviv,0526560685,Clalit,England,1.6800000000000002,46.0,True
229132852,M,Eden,1985-07-03 00:00:00,C,Ramat-Gan,0508820588,Clalit,Israel,1.5,66.0,True
281354693,M,Gideon,1951-04-29 00:00:00,N,Zichron-Yaakov,0524313873,Meuhedet,Israel,1.7,70.0,True
317858977,F,Rachel,1950-11-01 00:00:00,S,Ashkelon,0543463575,Leumit,Israel,1.56,70.0,True
164548336,F,Gal,1964-06-16 00:00:00,S,Beer-Sheva,0546524156,Leumit,Israel,1.72,77.0,True
234886896,M,Yuval,1952-08-15 00:00:00,C,Yavne,0548785002,Maccabi,England,1.5,65.0,True
366142096,F,Ilana,1960-03-26 00:00:00,N,Nazareth,0509635505,Meuhedet,Israel,1.82,85.0,True
315796406,M,Noam,1975-09-15 00:00:00,N,Nazareth,0504706066,Meuhedet,Yemen,1.84,77.0,True
388411439,F,Shalev,1987-12-04 00:00:00,S,Ashdod,0529129883,Meuhedet,Argentina,1.54,53.0,False
212846895,F,Eden,1977-06-01 00:00:00,S,Ashkelon,0501045096,Meuhedet,Yemen,1.56,76.0,False
289920423,F,Elisheva,1956-02-11 00:00:00,S,Beer-Sheva,0521868268,Clalit,Slovakia,1.74,64.0,True
339291943,F,Sarah,1950-01-25 00:00:00,N,Akko,0546877131,Meuhedet,Israel,1.74,69.0,False
388103906,M,Or,1984-10-20 00:00:00,C,Petah-Tikva,0505885815,Leumit,Russia,1.6400000000000001,54.0,False
173423158,M,Doron,1963-01-28 00:00:00,N,Haifa,0543727685,Meuhedet,Brazil,1.82,63.0,True
333679685,M,Eden,1964-07-06 00:00:00,N,Nazareth,0521626337,Meuhedet,Israel,1.8800000000000001,94.0,False
213721258,M,Ariel,1983-05-22 00:00:00,C,Netanya,0524604941,Maccabi,Israel,2.04,106.0,True
185099919,M,Amit,1980-08-09 00:00:00,C,Rehovot,0528130629,Clalit,Ukraine,1.76,90.0,True
198087355,M,Eliezer,1979-08-21 00:00:00,N,Nazareth,0504162398,Leumit,Italy,1.8800000000000001,61.0,False
183424151,F,Keren,1986-10-24 00:00:00,N,Zichron-Yaakov,0543939766,Maccabi,Argentina,1.7,83.0,False
373363985,M,Shai,1962-12-23 00:00:00,N,Akko,0508691427,Leumit,Czech Republic,1.84,76.0,True
266151716,F,Penina,1960-01-15 00:00:00,C,Rehovot,0505858943,Maccabi,Israel,1.52,68.0,True
245184954,F,Ronit,1980-06-07 00:00:00,C,Holon,0541484098,Leumit,Poland,1.62,73.0,True
258881484,M,Samuel,1970-09-13 00:00:00,N,Zichron-Yaakov,0542230803,Leumit,Argentina,1.72,83.0,False
342523112,F,Moran,1956-12-13 00:00:00,S,Eilat,0521455233,Leumit,Russia,1.54,68.0,True
381374142,M,Asher,1959-03-13 00:00:00,S,Eilat,0542433289,Maccabi,Russia,1.98,100.0,False
136542499,F,Liora,1951-05-16 00:00:00,N,Haifa,0502390673,Clalit,Argentina,1.94,118.0,False
226614098,F,Shalev,1975-06-13 00:00:00,N,Akko,0508721665,Maccabi,Israel,1.6600000000000001,50.0,False
180033648,M,Sahar,1975-05-21 00:00:00,C,Petah-Tikva,0522865865,Leumit,Israel,1.92,106.0,True
243692018,M,Avraham,1967-06-14 00:00:00,C,Tel-Aviv,0544536561,Maccabi,Poland,1.76,70.0,True
290370278,F,Neta,1982-04-14 00:00:00,S,Ashkelon,0504258364,Meuhedet,Tripoli,1.5,66.0,True
156509813,F,Tova,1987-11-20 00:00:00,C,Tel-Aviv,0506934528,Maccabi,France,1.7,95.0,True
185658771,F,Elisheva,1980-04-11 00:00:00,C,Herzliya,0502120702,Clalit,Brazil,1.8800000000000001,74.0,True
221759974,M,Uri,1970-09-26 00:00:00,S,Ashdod,0527737040,Meuhedet,France,2.08,99.0,True
233519876,M,Yuval,1951-06-23 00:00:00,S,Beer-Sheva,0501328251,Meuhedet,Italy,1.78,93.0,True
267914520,F,Moran,1986-02-22 00:00:00,C,Petah-Tikva,0522787401,Leumit,Israel,1.72,94.0,True
317917818,F,Lior,1972-07-23 00:00:00,N,Nazareth,0508094573,Leumit,Israel,1.86,71.0,False
165559884,F,Amit,1994-02-19 00:00:00,C,Petah-Tikva,0504797594,Meuhedet,Israel,1.86,98.0,False
247081830,F,Sahar,1957-03-15 00:00:00,C,Rishon-LeZion,0522193682,Maccabi,Slovakia,1.84,97.0,True
353940754,F,Sahar,1992-08-03 00:00:00,N,Zichron-Yaakov,0509498709,Leumit,Tripoli,2.04,112.0,True
243490385,M,Adi,1962-11-26 00:00:00,N,Zichron-Yaakov,0541895324,Clalit,Morocco,1.58,55.0,True
141661231,M,Isaac,1989-08-28 00:00:00,N,Haifa,0542284877,Meuhedet,Czech Republic,1.5,77.0,True
227605912,F,Miriam,1974-08-04 00:00:00,S,Ashdod,0504588316,Leumit,Poland,1.8,60.0,True
272160567,M,Gal,1971-01-13 00:00:00,S,Beer-Sheva,0541135705,Maccabi,Israel,1.74,82.0,True
337272658,F,Amit,1978-08-17 00:00:00,S,Eilat,0507698107,Clalit,Italy,1.58,59.0,True
257018360,F,Rachel,1958-11-21 00:00:00,C,Netanya,0507897655,Maccabi,Israel,1.6,69.0,True
152112433,F,Michal,1961-02-02 00:00:00,C,Holon,0544519672,Clalit,Morocco,1.82,99.0,True
139443471,F,Naomi,1979-11-30 00:00:00,N,Haifa,0544961971,Meuhedet,Ukraine,1.86,91.0,True
332547037,M,Asher,1985-02-08 00:00:00,N,Zichron-Yaakov,0529740566,Clalit,Poland,1.54,57.0,True
329832047,M,Eli,1993-07-17 00:00:00,N,Zichron-Yaakov,0541774744,Maccabi,Israel,1.8,64.0,True
226761806,F,Sahar,1981-07-18 00:00:00,N,Nazareth,0504125755,Clalit,France,1.86,79.0,True
267681194,M,Zev,1984-05-30 00:00:00,S,Beer-Sheva,0526079795,Maccabi,Brazil,1.6,69.0,True
379612015,F,Rotem,1980-10-18 00:00:00,C,Holon,0541741596,Clalit,England,1.6800000000000002,77.0,True
357993129,F,Penina,1975-12-28 00:00:00,N,Zichron-Yaakov,0529697172,Meuhedet,England,1.5,76.0,True
182315681,M,Tal,1979-02-10 00:00:00,N,Akko,0505084311,Leumit,Argentina,1.7,84.0,False
340689686,F,Adi,1980-09-05 00:00:00,N,Zichron-Yaakov,0523372815,Leumit,France,1.82,74.0,True
342192140,M,Eitan,1977-03-06 00:00:00,N,Zichron-Yaakov,0526965946,Clalit,England,1.86,62.0,True
327901715,M,Asher,1995-04-27 00:00:00,S,Ashdod,0546188608,Maccabi,Israel,1.5,64.0,True
338776446,M,Eli,1975-03-20 00:00:00,C,Netanya,0543605366,Meuhedet,Slovakia,1.54,53.0,True
187768366,M,Samuel,1961-12-06 00:00:00,C,Ramat-Gan,0527261405,Meuhedet,Ukraine,1.7,76.0,False
242638822,F,Or,1992-06-09 00:00:00,S,Ashkelon,0503639092,Clalit,Russia,1.94,92.0,True
354966730,M,Eliezer,1974-02-26 00:00:00,C,Holon,0529899429,Leumit,Ukraine,1.6,54.0,True
180700462,F,Penina,1993-11-15 00:00:00,C,Holon,0502279242,Meuhedet,Poland,1.76,85.0,True
394784020,M,Tal,1984-01-01 00:00:00,N,Haifa,0543858824,Leumit,Italy,1.9,109.0,False
366430014,F,Rebecca,1984-08-21 00:00:00,C,Yavne,0507683842,Meuhedet,Poland,1.6800000000000002,78.0,True
116905416,F,Keren,1957-09-02 00:00:00,N,Tiberias,0522592169,Maccabi,Czech Republic,1.6600000000000001,59.0,False
336305856,M,Avraham,1965-07-24 00:00:00,C,Tel-Aviv,0506373183,Leumit,Israel,1.8,93.0,True
260818508,M,Gideon,1995-08-26 00:00:00,N,Nazareth,0506392465,Meuhedet,Slovakia,1.76,73.0,True
133834503,F,Amit,1957-07-27 00:00:00,N,Haifa,0525217291,Maccabi,Israel,1.5,76.0,False
350059830,F,Rebecca,1982-12-27 00:00:00,C,Netanya,0502809588,Maccabi,Russia,2.0,110.0,True
161630605,M,Omer,1958-05-18 00:00:00,N,Zichron-Yaakov,0521109860,Meuhedet,England,1.52,64.0,True
345804548,M,Doron,1973-12-19 00:00:00,C,Rehovot,0547576131,Leumit,Poland,1.62,58.0,True
165271490,M,Yair,1965-06-07 00:00:00,N,Akko,0547774314,Maccabi,England,1.6,46.0,True
157442473,M,Shai,1957-11-30 00:00:00,C,Holon,0545928231,Maccabi,Israel,1.78,82.0,False
128457404,F,Ariel,1950-02-11 00:00:00,C,Rishon-LeZion,0502260432,Clalit,Israel,1.82,96.0,False
215793717,F,Omer,1972-05-15 00:00:00,C,Rishon-LeZion,0549503033,Meuhedet,Tripoli,1.6800000000000002,62.0,True
340942538,F,Ayala,1978-01-24 00:00:00,N,Tiberias,0508483956,Clalit,France,1.5,55.0,True
337300287,F,Neta,1992-06-15 00:00:00,C,Givatayim,0509408341,Meuhedet,Israel,1.56,62.0,True
275657457,F,Leah,1995-06-05 00:00:00,S,Ashkelon,0503394447,Maccabi,France,1.7,64.0,True
166523028,M,Shai,1991-11-26 00:00:00,N,Tiberias,0542370941,Leumit,Israel,2.06,119.0,True
297117179,F,Liora,1973-10-12 00:00:00,N,Tiberias,0522418425,Leumit,Israel,1.52,69.0,True
294148579,M,Eliezer,1980-01-10 00:00:00,S,Ashdod,0527246092,Maccabi,Yemen,1.6600000000000001,48.0,True
115800947,F,Shoshana,1977-08-19 00:00:00,C,Holon,0528650367,Leumit,Argentina,1.6400000000000001,50.0,True
234226758,F,Sarah,1955-11-03 00:00:00,S,Ashkelon,0529789109,Leumit,Israel,2.04,110.0,True
269813779,F,Chana,1960-02-19 00:00:00,S,Ashdod,0503803947,Meuhedet,Czech Republic,1.7,71.0,False
273192328,M,Tzur,1952-02-20 00:00:00,S,Beer-Sheva,0546288711,Maccabi,Tripoli,1.76,77.0,True
383687879,F,Sahar,1990-11-06 00:00:00,C,Tel-Aviv,0523890365,Meuhedet,England,1.72,88.0,True
169386428,M,Moshe,1979-01-23 00:00:00,C,Rishon-LeZion,0529951858,Leumit,France,1.78,85.0,False
114026903,M,David,1971-10-15 00:00:00,N,Nazareth,0503522318,Meuhedet,England,1.5,49.0,True
393555431,F,Aviva,1958-09-24 00:00:00,C,Rehovot,0505776491,Clalit,Yemen,1.76,97.0,False
319877300,F,Gila,1962-02-10 00:00:00,N,Zichron-Yaakov,0529685282,Leumit,Slovakia,1.76,93.0,True
270707094,F,Ayala,1951-07-23 00:00:00,N,Haifa,0543182289,Clalit,Israel,1.8,66.0,True
285516629,F,Ronit,1978-11-05 00:00:00,N,Akko,0507302413,Leumit,Argentina,2.06,114.0,False
117269377,M,Zev,1955-09-06 00:00:00,N,Haifa,0544580463,Leumit,Israel,1.76,72.0,False
373271905,M,Noam,1951-09-13 00:00:00,C,Holon,0549993060,Meuhedet,Israel,1.74,76.0,True
225283375,F,Shira,1975-08-27 00:00:00,C,Netanya,0547511968,Clalit,Israel,1.78,87.0,False
131069227,M,Amit,1957-05-19 00:00:00,C,Bat-Yam,0549182181,Maccabi,Russia,1.86,76.0,True
371836004,F,Rotem,1984-10-27 00:00:00,C,Rishon-LeZion,0525330710,Maccabi,Israel,1.5,74.0,False
116023224,F,Tal,1979-03-30 00:00:00,N,Haifa,0522010078,Clalit,Poland,1.84,93.0,True
289550481,M,Rotem,1980-12-14 00:00:00,S,Ashkelon,0546757942,Meuhedet,Israel,1.7,85.0,True
392698930,F,Rebecca,1979-07-24 00:00:00,C,Rishon-LeZion,0502014385,Meuhedet,Tripoli,1.8800000000000001,62.0,True
346022700,M,Tzur,1985-10-03 00:00:00,C,Holon,0504096577,Meuhedet,Israel,1.54,47.0,True
358864846,F,Aviva,1995-06-07 00:00:00,N,Akko,0523027607,Meuhedet,Israel,1.8800000000000001,85.0,False
259829759,F,Michal,1968-08-20 00:00:00,S,Ashkelon,0527485037,Clalit,Israel,1.6600000000000001,45.0,False
114901664,F,Yuval,1983-02-19 00:00:00,S,Ashdod,0549807478,Clalit,Israel,2.04,91.0,True
218471095,F,Batya,1984-06-22 00:00:00,N,Akko,0526885978,Meuhedet,Israel,1.56,47.0,True
344769505,M,Yitzhak,1983-07-14 00:00:00,N,Zichron-Yaakov,0521846379,Leumit,Israel,1.5,60.0,False
185871549,F,Tamar,1991-09-07 00:00:00,C,Holon,0542019244,Leumit,Israel,1.84,97.0,True
138305454,M,Benjamin,1954-07-05 00:00:00,S,Eilat,0509523313,Leumit,Israel,1.86,88.0,False
318259371,M,Tzur,1957-04-25 00:00:00,C,Rehovot,0527455020,Clalit,Russia,1.6600000000000001,69.0,True
379536701,F,Shoshana,1967-04-05 00:00:00,C,Ramat-Gan,0549744312,Meuhedet,Israel,1.6400000000000001,59.0,True
169763435,M,Ariel,1955-12-05 00:00:00,C,Holon,0524714067,Clalit,Argentina,1.82,96.0,True
274402390,F,Bracha,1965-08-12 00:00:00,S,Eilat,0529964200,Leumit,Poland,1.84,80.0,False
210405298,F,Esther,1991-05-20 00:00:00,S,Beer-Sheva,0529957003,Leumit,Israel,1.62,50.0,True
178092483,F,Hannah,1981-08-30 00:00:00,S,Ashkelon,0504632381,Maccabi,Poland,1.8800000000000001,97.0,True
257245111,M,David,1976-01-30 00:00:00,C,Rishon-LeZion,0506687754,Maccabi,Tripoli,2.02,107.0,True
367458162,F,Sarah,1951-09-01 00:00:00,N,Tiberias,0541037613,Maccabi,Poland,1.84,69.0,True
288924171,F,Devorah,1996-04-10 00:00:00,C,Yavne,0544498590,Clalit,Ukraine,1.52,45.0,False
297450559,F,Esther,1970-12-08 00:00:00,S,Ashkelon,0505191109,Meuhedet,Poland,1.54,49.0,True
368920912,M,Eitan,1993-06-19 00:00:00,N,Nazareth,0509608558,Clalit,Israel,1.74,65.0,True
254944460,F,Omer,1972-10-14 00:00:00,C,Petah-Tikva,0508279835,Meuhedet,France,1.76,72.0,True
166431733,F,Ruth,1972-04-16 00:00:00,S,Eilat,0506372949,Leumit,Israel,1.76,84.0,False
115791445,F,Aviva,1961-10-22 00:00:00,N,Akko,0528100149,Leumit,England,1.78,68.0,True
343398255,F,Leah,1953-10-15 00:00:00,N,Zichron-Yaakov,0544469607,Meuhedet,Israel,1.52,69.0,False
197003676,M,Amit,1979-04-27 00:00:00,S,Ashkelon,0542487142,Maccabi,Brazil,2.08,114.0,True
364814861,M,Daniel,1981-12-25 00:00:00,C,Herzliya,0546053031,Meuhedet,England,1.8800000000000001,87.0,False
348387096,F,Ilana,1983-09-24 00:00:00,C,Netanya,0526043390,Clalit,Israel,2.08,118.0,True
249233722,M,Ariel,1973-03-11 00:00:00,C,Jerusalem,0521217862,Maccabi,Israel,1.52,49.0,True
257977852,F,Ayala,1952-03-18 00:00:00,C,Holon,0509700776,Leumit,Slovakia,1.9,90.0,False
140818536,F,Batya,1982-02-10 00:00:00,N,Haifa,0527094324,Clalit,Tripoli,1.82,99.0,True
285834084,M,Avraham,1973-02-10 00:00:00,C,Herzliya,0508650749,Clalit,Israel,1.76,92.0,True
192641873,F,Tal,1958-10-01 00:00:00,C,Holon,0526167938,Leumit,Israel,1.72,71.0,True
215082998,F,Liora,1971-10-06 00:00:00,C,Ramat-Gan,0546089260,Maccabi,Israel,1.74,86.0,True
398751783,F,Hannah,1994-06-17 00:00:00,N,Haifa,0505762762,Meuhedet,Czech Republic,1.76,83.0,True
166195214,M,Omer,1957-07-20 00:00:00,C,Petah-Tikva,0521202408,Clalit,Russia,1.82,92.0,False
366180199,F,Rotem,1951-03-25 00:00:00,C,Holon,0528774355,Leumit,Argentina,1.76,93.0,False
144050755,M,Daniel,1959-07-21 00:00:00,C,Rehovot,0521528947,Clalit,England,1.76,79.0,True
170121470,F,Sahar,1955-05-21 00:00:00,N,Zichron-Yaakov,0525253700,Leumit,Israel,1.76,65.0,True
331133536,F,Ilana,1979-04-22 00:00:00,S,Ashdod,0507254349,Maccabi,Tripoli,1.8,93.0,False
313272124,F,Elior,1983-07-14 00:00:00,S,Ashkelon,0521810565,Maccabi,Italy,1.5,76.0,True
397836150,F,Amit,1990-12-02 00:00:00,N,Tiberias,0543821295,Maccabi,Israel,1.54,68.0,True
330050760,M,Or,1983-01-05 00:00:00,N,Haifa,0524257098,Maccabi,England,1.74,83.0,False
265558538,F,Hannah,1956-10-12 00:00:00,C,Bat-Yam,0547919146,Meuhedet,Slovakia,1.5,79.0,True
139853127,F,Hadas,1962-05-11 00:00:00,N,Haifa,0528891003,Leumit,Israel,1.56,44.0,True
162060652,M,Yaakov,1992-10-26 00:00:00,N,Nazareth,0523078437,Meuhedet,Israel,1.74,77.0,True
164544681,M,Doron,1977-06-26 00:00:00,C,Yavne,0523711458,Maccabi,Italy,1.84,63.0,True
227125378,M,Barak,1984-07-07 00:00:00,N,Nazareth,0501452480,Clalit,Poland,1.6800000000000002,54.0,False
379005893,M,Omer,1973-11-01 00:00:00,C,Givatayim,0548202132,Clalit,Slovakia,1.6400000000000001,77.0,True
281609783,F,Moran,1983-01-22 00:00:00,S,Ashdod,0522550468,Leumit,France,1.5,71.0,False
157760471,F,Leah,1977-10-15 00:00:00,C,Petah-Tikva,0526986870,Maccabi,Morocco,1.72,82.0,True
115974809,F,Doron,1973-01-22 00:00:00,N,Akko,0528965430,Maccabi,Israel,1.62,50.0,True
275045292,M,Samuel,1959-05-04 00:00:00,S,Eilat,0541210735,Maccabi,Morocco,1.54,68.0,True
265684649,M,Uri,1953-07-15 00:00:00,C,Givatayim,0547423040,Leumit,Russia,1.76,87.0,False
121839878,F,Shoshana,1969-01-30 00:00:00,S,Ashkelon,0508034488,Leumit,Poland,2.06,114.0,True
344186332,M,Yitzhak,1995-06-26 00:00:00,C,Rishon-LeZion,0545550096,Meuhedet,Ukraine,1.86,64.0,True
397383671,M,David,1994-03-15 00:00:00,N,Haifa,0528957307,Maccabi,Israel,1.92,103.0,True
396871433,M,Benjamin,1979-04-03 00:00:00,N,Zichron-Yaakov,0507414485,Clalit,Russia,1.72,88.0,False
383454957,F,Esther,1982-10-10 00:00:00,N,Akko,0509165367,Leumit,Israel,2.04,107.0,True
259992337,M,Daniel,1954-01-27 00:00:00,N,Akko,0527232202,Clalit,Russia,1.82,79.0,True
167218475,F,Adi,1979-04-14 00:00:00,S,Eilat,0508548437,Meuhedet,France,1.8800000000000001,92.0,True
266429913,F,Shalev,1953-08-29 00:00:00,N,Zichron-Yaakov,0546242144,Maccabi,Italy,1.8800000000000001,87.0,False
214522227,M,Sahar,1979-05-28 00:00:00,C,Herzliya,0528657025,Leumit,Israel,1.6600000000000001,51.0,False
163626858,M,Rafi,1954-10-24 00:00:00,S,Ashkelon,0508049050,Clalit,Tripoli,1.6,75.0,True
163146853,F,Bracha,1980-01-08 00:00:00,C,Yavne,0543628869,Meuhedet,Israel,1.6400000000000001,52.0,True
154561917,F,Moran,1990-12-26 00:00:00,N,Tiberias,0543937647,Meuhedet,Slovakia,1.84,78.0,True
333027092,F,Rebecca,1982-10-10 00:00:00,N,Nazareth,0527453653,Meuhedet,Argentina,1.76,75.0,False
168918623,M,Sahar,1978-03-26 00:00:00,S,Ashdod,0545497738,Clalit,Ukraine,1.56,69.0,True
138596933,M,Isaac,1976-01-08 00:00:00,S,Eilat,0503090900,Meuhedet,Yemen,1.84,86.0,False
262881329,F,Tova,1977-09-29 00:00:00,C,Jerusalem,0503520254,Maccabi,Israel,1.7,63.0,False
216566876,F,Devorah,1974-03-22 00:00:00,S,Beer-Sheva,0541804423,Maccabi,Morocco,1.86,84.0,False
299475670,M,Asher,1975-07-16 00:00:00,S,Beer-Sheva,0503341213,Clalit,Czech Republic,1.6,47.0,False
235193153,M,Sahar,1991-07-15 00:00:00,N,Nazareth,0544898835,Leumit,Italy,1.84,76.0,True
175192615,F,Shachar,1951-03-09 00:00:00,C,Rehovot,0501236546,Meuhedet,Russia,1.82,77.0,True
348741331,F,Shira,1992-12-19 00:00:00,S,Beer-Sheva,0527702887,Meuhedet,Israel,1.76,71.0,False
168886722,F,Michal,1991-06-12 00:00:00,C,Netanya,0503947931,Leumit,England,1.6800000000000002,55.0,False
332293763,F,Adina,1986-01-14 00:00:00,C,Rishon-LeZion,0546070876,Clalit,Israel,1.94,117.0,False
268239068,M,Daniel,1964-06-28 00:00:00,C,Rehovot,0502531115,Clalit,France,1.6400000000000001,65.0,True
320416149,F,Hannah,1975-11-16 00:00:00,C,Rishon-LeZion,0521250455,Clalit,Slovakia,1.84,62.0,False
192234405,M,Uri,1979-04-29 00:00:00,N,Nazareth,0504396271,Clalit,Italy,1.58,68.0,True
171351591,F,Amit,1973-07-26 00:00:00,N,Zichron-Yaakov,0522473473,Meuhedet,Czech Republic,1.8,73.0,True
240996931,F,Sahar,1969-07-09 00:00:00,S,Ashkelon,0504339088,Maccabi,Slovakia,1.78,88.0,True
336964722,F,Batya,1979-03-27 00:00:00,N,Zichron-Yaakov,0508792287,Maccabi,Israel,1.74,88.0,True
296844311,F,Moran,1982-09-23 00:00:00,C,Herzliya,0504980018,Leumit,Morocco,1.8,67.0,False
179698256,F,Tamar,1988-05-28 00:00:00,C,Jerusalem,0545056224,Clalit,Israel,2.04,105.0,False
280661291,M,Doron,1951-06-12 00:00:00,N,Zichron-Yaakov,0508545716,Maccabi,Israel,1.54,55.0,True
139211225,M,Eitan,1985-01-29 00:00:00,S,Eilat,0522331973,Leumit,England,2.02,93.0,True
110738590,F,Elior,1950-09-21 00:00:00,N,Haifa,0509407383,Leumit,Argentina,1.8800000000000001,84.0,True
219793256,F,Elisheva,1954-06-02 00:00:00,C,Petah-Tikva,0501247344,Clalit,Israel,1.6600000000000001,75.0,True
164602023,F,Eden,1993-03-22 00:00:00,S,Eilat,0506282899,Leumit,Tripoli,1.62,56.0,True
338136168,F,Rachel,1992-09-04 00:00:00,C,Rehovot,0527874753,Leumit,Israel,1.8800000000000001,74.0,True
196471286,M,Lior,1954-06-27 00:00:00,N,Haifa,0504837238,Maccabi,Israel,1.6800000000000002,64.0,False
152769670,M,Isaac,1989-12-21 00:00:00,C,Bat-Yam,0528052918,Leumit,Russia,2.04,114.0,False
274323100,F,Elisheva,1956-06-22 00:00:00,S,Beer-Sheva,0506559841,Meuhedet,Argentina,1.8800000000000001,81.0,True
221998374,M,Yaakov,1964-12-05 00:00:00,C,Bat-Yam,0542620450,Meuhedet,Israel,1.76,70.0,True
319661437,M,Shlomo,1959-04-02 00:00:00,C,Ramat-Gan,0549073970,Meuhedet,Israel,1.58,58.0,True
115784564,M,Meir,1982-09-02 00:00:00,C,Rishon-LeZion,0502356746,Maccabi,France,2.02,93.0,True
327946972,M,Ariel,1958-08-03 00:00:00,S,Eilat,0544890313,Leumit,Italy,1.74,97.0,True
228932055,M,Eli,1978-11-27 00:00:00,S,Beer-Sheva,0503714609,Clalit,Israel,1.8,67.0,True
398514334,M,Rafi,1966-07-10 00:00:00,N,Nazareth,0508379837,Meuhedet,Israel,1.56,64.0,True
140144114,F,Ilana,1989-01-28 00:00:00,N,Nazareth,0544433336,Clalit,Slovakia,1.86,92.0,True
264511978,F,Eden,1984-09-08 00:00:00,N,Haifa,0501384898,Meuhedet,Israel,1.74,67.0,True
290605713,F,Keren,1970-12-26 00:00:00,C,Givatayim,0503463038,Clalit,Russia,1.6400000000000001,75.0,True
349485830,F,Batya,1979-08-08 00:00:00,N,Haifa,0549652521,Meuhedet,Morocco,1.6800000000000002,71.0,True
286555664,M,Omer,1960-03-30 00:00:00,N,Zichron-Yaakov,0507399346,Maccabi,England,1.74,92.0,True
211500259,M,Reuven,1984-01-21 00:00:00,S,Eilat,0545381461,Maccabi,Israel,1.5,59.0,True
251672637,F,Rebecca,1980-08-09 00:00:00,C,Jerusalem,0502384013,Meuhedet,Israel,1.6400000000000001,63.0,True
192498954,M,Omer,1968-10-16 00:00:00,C,Petah-Tikva,0543150844,Maccabi,Tripoli,1.72,69.0,True
362884369,M,Gideon,1959-01-24 00:00:00,C,Yavne,0525690738,Maccabi,Brazil,1.98,116.0,True
292216317,M,Lior,1973-12-10 00:00:00,S,Ashkelon,0509163621,Clalit,Israel,1.58,70.0,True
292322968,F,Naomi,1964-01-19 00:00:00,C,Ramat-Gan,0509116759,Meuhedet,Israel,2.1,99.0,False
193355783,F,Michal,1959-07-29 00:00:00,N,Nazareth,0545174973,Maccabi,Israel,1.8800000000000001,75.0,True
264050317,M,Gal,1970-08-30 00:00:00,C,Holon,0503332245,Clalit,Russia,1.6800000000000002,55.0,True
187737061,F,Hadas,1969-04-09 00:00:00,C,Rehovot,0505723287,Leumit,Tripoli,1.82,84.0,True
144550883,M,Moshe,1989-01-20 00:00:00,N,Zichron-Yaakov,0543786880,Meuhedet,Israel,1.62,52.0,False
369753161,F,Sarah,1984-06-17 00:00:00,C,Netanya,0547531038,Meuhedet,England,1.62,78.0,True
139265851,M,Gal,1994-03-22 00:00:00,C,Herzliya,0521172064,Clalit,Yemen,1.7,83.0,True
237944998,M,Isaac,1974-07-02 00:00:00,S,Beer-Sheva,0528048317,Clalit,Israel,1.8,70.0,True
326842838,M,Shachar,1956-09-07 00:00:00,N,Haifa,0542362673,Leumit,Tripoli,1.82,89.0,True
260841361,M,Eli,1978-06-24 00:00:00,N,Nazareth,0507271496,Leumit,Tripoli,1.54,74.0,True
291265499,F,Rotem,1951-06-19 00:00:00,C,Bat-Yam,0523327921,Meuhedet,Israel,1.52,45.0,True
132515911,F,Adi,1957-11-06 00:00:00,N,Akko,0502547628,Meuhedet,Israel,1.58,66.0,True
185723879,F,Hadas,1964-07-16 00:00:00,C,Ramat-Gan,0541349589,Meuhedet,England,1.56,78.0,True
277396487,M,Yitzhak,1963-03-01 00:00:00,C,Givatayim,0544344230,Leumit,Israel,1.78,65.0,True
169424125,F,Or,1963-05-02 00:00:00,C,Rishon-LeZion,0524000622,Meuhedet,Israel,1.76,94.0,False
271111978,F,Adina,1970-10-12 00:00:00,S,Ashkelon,0542510799,Leumit,Israel,1.76,60.0,False
346112957,F,Keren,1980-11-17 00:00:00,N,Tiberias,0507250845,Meuhedet,England,1.7,80.0,True
326297348,M,Yitzhak,1964-07-17 00:00:00,C,Netanya,0526334789,Clalit,Morocco,1.72,87.0,False
322918186,M,Eden,1961-02-20 00:00:00,N,Akko,0529117448,Clalit,Argentina,1.6800000000000002,67.0,False
195753540,M,Lior,1984-06-06 00:00:00,N,Nazareth,0508046492,Leumit,Brazil,1.6800000000000002,67.0,True
311574451,F,Naomi,1958-07-04 00:00:00,C,Rishon-LeZion,0529445543,Leumit,Russia,2.02,102.0,False
160296426,M,Sahar,1966-05-21 00:00:00,S,Ashdod,0506107505,Meuhedet,Israel,1.6600000000000001,48.0,True
338724247,F,Shoshana,1977-03-02 00:00:00,C,Tel-Aviv,0542701512,Clalit,France,1.6400000000000001,70.0,True
196852651,M,Noam,1979-04-05 00:00:00,S,Ashkelon,0545913919,Leumit,Israel,1.6800000000000002,78.0,True
394472206,F,Shira,1974-03-27 00:00:00,S,Beer-Sheva,0527100387,Clalit,Brazil,1.52,67.0,True
299541377,F,Nitzan,1972-10-23 00:00:00,C,Jerusalem,0543460655,Leumit,Argentina,2.06,94.0,False
378226435,F,Omer,1954-09-25 00:00:00,N,Tiberias,0546493369,Clalit,Israel,1.76,74.0,True
251689629,F,Hadas,1967-04-04 00:00:00,C,Petah-Tikva,0529671030,Maccabi,Poland,1.78,84.0,False
312734219,F,Shai,1973-08-29 00:00:00,C,Petah-Tikva,0544877250,Leumit,Russia,1.8800000000000001,62.0,True
266432586,F,Rachel,1987-02-12 00:00:00,C,Holon,0509532719,Clalit,France,1.52,54.0,False
252714033,F,Keren,1982-08-29 00:00:00,C,Ramat-Gan,0523143530,Meuhedet,Italy,1.7,87.0,True
135588638,M,Shachar,1978-05-17 00:00:00,N,Tiberias,0505344867,Leumit,Morocco,1.74,64.0,False
339311930,F,Shoshana,1977-03-28 00:00:00,C,Bat-Yam,0546203310,Meuhedet,Czech Republic,1.82,83.0,True
121976556,F,Or,1975-11-19 00:00:00,C,Ramat-Gan,0509207374,Meuhedet,Israel,1.8800000000000001,94.0,True
132992337,M,Or,1956-05-21 00:00:00,C,Herzliya,0543979075,Leumit,Argentina,1.56,55.0,True
384170155,M,Yaakov,1964-04-29 00:00:00,C,Bat-Yam,0503787501,Meuhedet,Israel,1.6400000000000001,57.0,False
126702176,F,Michal,1987-09-06 00:00:00,C,Tel-Aviv,0501261938,Leumit,Israel,1.54,61.0,False
370619954,F,Tamar,1985-09-10 00:00:00,C,Ramat-Gan,0549534059,Maccabi,Russia,1.8800000000000001,61.0,True
193782156,M,Tzur,1987-10-14 00:00:00,N,Tiberias,0507221318,Clalit,France,1.74,89.0,False
161170650,F,Lior,1979-10-24 00:00:00,C,Herzliya,0542288843,Leumit,Israel,1.74,68.0,False
261118611,F,Shalev,1984-07-21 00:00:00,C,Tel-Aviv,0542753222,Leumit,Israel,1.76,89.0,False
281561975,F,Ariel,1988-04-09 00:00:00,S,Beer-Sheva,0526973167,Meuhedet,Ukraine,1.54,51.0,True
119156495,M,Shai,1979-03-07 00:00:00,N,Akko,0529553707,Clalit,Israel,2.02,91.0,True
383114803,M,Itai,1966-04-02 00:00:00,C,Rehovot,0502565266,Leumit,Slovakia,1.78,98.0,True
323732151,F,Shalev,1950-01-12 00:00:00,C,Netanya,0541576730,Clalit,France,1.8,63.0,False
146254275,M,Asher,1977-07-13 00:00:00,C,Holon,0509310190,Leumit,Israel,1.54,73.0,False
285915832,F,Shachar,1969-08-03 00:00:00,C,Bat-Yam,0507944727,Maccabi,Ukraine,1.56,68.0,True
379193503,F,Ilana,1974-12-25 00:00:00,C,Givatayim,0508696675,Meuhedet,Israel,1.82,61.0,True
334055222,M,Shachar,1982-02-24 00:00:00,C,Rishon-LeZion,0506127715,Leumit,Israel,1.7,86.0,True
143094105,F,Omer,1967-05-28 00:00:00,N,Nazareth,0526646661,Clalit,Israel,2.08,93.0,True
313313788,F,Or,1975-11-06 00:00:00,S,Ashdod,0524116828,Clalit,France,1.6400000000000001,53.0,True
268653019,F,Shalev,1973-11-03 00:00:00,N,Nazareth,0525830244,Clalit,Israel,1.96,94.0,True
159192847,M,Gal,1990-02-12 00:00:00,S,Ashdod,0501833036,Maccabi,Israel,1.58,67.0,True
389601053,F,Amit,1988-08-06 00:00:00,C,Tel-Aviv,0525076226,Clalit,France,2.08,103.0,True
278349531,F,Devorah,1996-07-06 00:00:00,N,Zichron-Yaakov,0546164263,Clalit,Ukraine,1.8,82.0,True
328290140,M,Ariel,1994-11-25 00:00:00,C,Holon,0546018906,Clalit,Israel,1.5,61.0,True
363105203,F,Bracha,1975-06-23 00:00:00,C,Bat-Yam,0501041781,Clalit,Czech Republic,1.82,93.0,True
239654639,F,Tova,1957-03-19 00:00:00,N,Haifa,0522949241,Clalit,Italy,1.8800000000000001,61.0,True
223111862,F,Aviva,1954-03-04 00:00:00,N,Tiberias,0524657183,Clalit,Israel,1.72,62.0,True
334088497,F,Rotem,1994-07-30 00:00:00,C,Rehovot,0541773293,Meuhedet,Ukraine,1.86,77.0,False
349388474,F,Rachel,1962-08-17 00:00:00,C,Givatayim,0523169929,Leumit,Argentina,1.74,70.0,False
219787514,M,Sahar,1983-06-19 00:00:00,N,Tiberias,0527497091,Clalit,Poland,1.5,53.0,True
198412214,F,Rotem,1965-09-20 00:00:00,S,Eilat,0526623692,Meuhedet,Yemen,1.86,93.0,True
391178088,F,Shachar,1967-02-13 00:00:00,N,Haifa,0546852715,Maccabi,Russia,1.56,58.0,True
185832195,F,Rachel,1991-05-03 00:00:00,N,Tiberias,0549794136,Clalit,England,2.0,111.0,True
385410216,M,Ariel,1982-04-15 00:00:00,C,Rehovot,0548640770,Leumit,Israel,1.7,61.0,False
359459588,F,Tamar,1960-03-06 00:00:00,C,Jerusalem,0521345156,Maccabi,Israel,1.76,98.0,True
372995960,M,Eli,1957-08-16 00:00:00,C,Netanya,0522364337,Maccabi,England,1.94,114.0,True
244569918,M,Gal,1975-12-09 00:00:00,S,Ashdod,0545054121,Clalit,Brazil,1.82,96.0,True
375537452,F,Tamar,1989-07-20 00:00:00,S,Ashdod,0501340187,Maccabi,Poland,1.78,99.0,True
140133325,F,Shai,1954-02-23 00:00:00,N,Akko,0502497608,Leumit,Brazil,1.84,68.0,True
283133248,F,Omer,1993-10-20 00:00:00,C,Petah-Tikva,0546278588,Maccabi,France,1.82,77.0,True
397885140,F,Bracha,1952-04-12 00:00:00,C,Petah-Tikva,0528637162,Maccabi,England,1.54,74.0,False
192242408,M,Tal,1980-07-19 00:00:00,S,Ashkelon,0508840421,Clalit,France,1.6800000000000002,45.0,True
229937823,F,Leah,1973-01-02 00:00:00,S,Eilat,0528018673,Meuhedet,England,1.82,84.0,True
360551957,M,Nitzan,1974-05-11 00:00:00,S,Eilat,0549649056,Leumit,Israel,1.86,68.0,True
380659862,M,Shalev,1962-04-18 00:00:00,C,Herzliya,0502504120,Maccabi,Ukraine,1.92,94.0,False
287971890,F,Lior,1969-11-20 00:00:00,N,Haifa,0528796172,Maccabi,Yemen,1.74,85.0,True
363013722,M,Reuven,1975-04-28 00:00:00,C,Yavne,0508265910,Clalit,Israel,1.78,89.0,True
366890706,F,Shoshana,1978-05-24 00:00:00,N,Haifa,0528038556,Clalit,Poland,1.82,67.0,False
243335952,F,Ora,1961-06-18 00:00:00,N,Nazareth,0545652980,Meuhedet,Ukraine,1.56,61.0,True
180302064,F,Shai,1983-08-12 00:00:00,S,Ashdod,0543244914,Clalit,Tripoli,1.8800000000000001,92.0,True
230780680,M,Moran,1960-04-23 00:00:00,N,Akko,0528776710,Leumit,Ukraine,1.8,64.0,False
319141577,M,Rotem,1983-06-15 00:00:00,C,Givatayim,0542176059,Leumit,Brazil,1.76,61.0,True
143787935,M,Benjamin,1972-01-01 00:00:00,S,Beer-Sheva,0508282715,Meuhedet,Israel,1.8,81.0,True
399182618,M,Eitan,1984-06-21 00:00:00,S,Eilat,0508625284,Maccabi,Tripoli,1.86,90.0,True
288764493,M,Zev,1980-03-08 00:00:00,S,Eilat,0542846059,Maccabi,Israel,1.8800000000000001,91.0,True
262994311,F,Miriam,1993-06-04 00:00:00,C,Givatayim,0502797848,Meuhedet,Tripoli,1.54,74.0,True
257138281,F,Neta,1983-01-08 00:00:00,C,Jerusalem,0501968830,Maccabi,England,2.06,99.0,True
239771869,F,Rotem,1958-03-19 00:00:00,S,Eilat,0541900156,Leumit,Israel,1.84,69.0,True
191410471,M,Gideon,1972-12-28 00:00:00,N,Akko,0502824259,Clalit,Israel,1.96,104.0,True
354818710,M,David,1959-04-02 00:00:00,N,Zichron-Yaakov,0506077221,Maccabi,Ukraine,1.78,60.0,True
144963617,M,Doron,1965-10-27 00:00:00,C,Ramat-Gan,0547354862,Meuhedet,Brazil,1.78,63.0,True
135484077,M,Rotem,1990-06-04 00:00:00,C,Netanya,0542700452,Maccabi,Poland,1.84,85.0,True
318338845,F,Or,1972-07-14 00:00:00,S,Ashdod,0543750639,Leumit,Yemen,1.6,54.0,True
352699007,M,Sahar,1976-10-28 00:00:00,C,Bat-Yam,0529379153,Leumit,Ukraine,1.7,68.0,False
325282847,M,Shlomo,1993-02-11 00:00:00,C,Tel-Aviv,0529321571,Leumit,Israel,1.5,60.0,False
365058343,M,Tal,1995-11-22 00:00:00,N,Zichron-Yaakov,0546777491,Leumit,Morocco,1.6,67.0,True
185028007,F,Rebecca,1954-10-02 00:00:00,N,Akko,0527686345,Meuhedet,Yemen,1.78,77.0,True
319351161,M,Barak,1986-05-20 00:00:00,N,Nazareth,0548903867,Meuhedet,Israel,1.84,92.0,True
358130598,F,Nitzan,1950-08-23 00:00:00,N,Haifa,0521901751,Meuhedet,Israel,1.76,62.0,True
355400490,F,Penina,1955-02-26 00:00:00,C,Herzliya,0504942880,Meuhedet,Slovakia,1.6600000000000001,56.0,False
135148134,F,Nitzan,1982-04-15 00:00:00,C,Rehovot,0527231291,Maccabi,France,1.6800000000000002,45.0,True
152852934,F,Shalev,1953-04-19 00:00:00,C,Givatayim,0544333502,Clalit,Israel,2.1,103.0,True
311105315,M,Barak,1980-05-27 00:00:00,N,Haifa,0529028712,Clalit,Brazil,2.0,90.0,False
120801087,F,Yuval,1958-02-23 00:00:00,C,Yavne,0505632991,Meuhedet,Israel,1.8,92.0,True
351527307,F,Lior,1982-04-09 00:00:00,N,Nazareth,0545737245,Maccabi,Italy,1.52,50.0,True
153730435,F,Ariel,1970-01-03 00:00:00,C,Givatayim,0522997247,Meuhedet,Israel,1.86,97.0,True
331224566,F,Hannah,1985-06-07 00:00:00,N,Tiberias,0524033640,Clalit,Israel,1.6400000000000001,58.0,True
129940766,M,David,1972-06-29 00:00:00,C,Yavne,0525758047,Meuhedet,Israel,1.8,84.0,False
179631395,F,Esther,1979-12-06 00:00:00,C,Petah-Tikva,0529611525,Meuhedet,Israel,1.62,65.0,True
151874573,F,Adi,1955-02-08 00:00:00,C,Petah-Tikva,0546373506,Leumit,Israel,1.84,89.0,True
281193188,M,Itai,1964-06-28 00:00:00,C,Tel-Aviv,0502010297,Maccabi,Israel,1.7,96.0,False
160204044,F,Ilana,1981-11-10 00:00:00,C,Netanya,0542079349,Clalit,Tripoli,1.9,95.0,True
368104723,F,Hadas,1974-04-05 00:00:00,C,Rehovot,0522853200,Maccabi,Slovakia,1.82,79.0,True
138514872,F,Gila,1993-10-06 00:00:00,C,Tel-Aviv,0549526932,Meuhedet,Ukraine,1.58,62.0,True
183815435,F,Leah,1983-06-11 00:00:00,S,Ashdod,0523107234,Maccabi,Yemen,1.6800000000000002,50.0,False
287423054,M,Oren,1956-08-22 00:00:00,N,Haifa,0509584140,Meuhedet,Ukraine,1.6800000000000002,72.0,True
220851960,M,Moshe,1985-05-08 00:00:00,C,Jerusalem,0523347548,Clalit,Morocco,2.0,114.0,True
278797089,F,Liora,1961-02-15 00:00:00,N,Nazareth,0523571631,Clalit,England,1.62,48.0,True
195732828,M,Omer,1951-02-10 00:00:00,C,Bat-Yam,0507127465,Maccabi,England,1.6800000000000002,70.0,False
150539969,M,Shalev,1975-06-06 00:00:00,S,Ashdod,0527232973,Leumit,Yemen,1.5,57.0,True
135635889,F,Gal,1974-07-28 00:00:00,C,Bat-Yam,0542721086,Clalit,Brazil,1.56,79.0,True
224183734,M,Nitzan,1980-11-26 00:00:00,S,Ashkelon,0521301568,Clalit,Argentina,1.8,72.0,False
247489994,M,Reuven,1982-10-16 00:00:00,S,Ashdod,0506200218,Clalit,Poland,1.84,70.0,True
390681894,F,Gal,1969-05-27 00:00:00,C,Petah-Tikva,0524506617,Maccabi,Ukraine,1.76,72.0,False
387261018,M,Tzur,1959-11-23 00:00:00,C,Yavne,0525922766,Maccabi,Israel,1.7,82.0,True
323647495,F,Naomi,1976-12-06 00:00:00,S,Beer-Sheva,0544717458,Clalit,Israel,2.1,95.0,False
279218898,M,Yuval,1961-02-02 00:00:00,C,Tel-Aviv,0507587120,Clalit,Morocco,1.8800000000000001,71.0,True
184269601,F,Tova,1980-11-01 00:00:00,C,Tel-Aviv,0507469733,Leumit,France,1.7,73.0,False
379505464,M,Moran,1970-03-20 00:00:00,N,Haifa,0503807532,Meuhedet,Slovakia,1.86,98.0,True
262836605,F,Shira,1993-05-01 00:00:00,C,Ramat-Gan,0542155418,Meuhedet,Tripoli,1.58,46.0,False
391664851,F,Ronit,1966-03-13 00:00:00,C,Tel-Aviv,0504680879,Maccabi,Israel,1.78,82.0,True
219974792,M,Asher,1976-08-28 00:00:00,N,Nazareth,0524466739,Maccabi,Israel,1.76,81.0,False
160900694,F,Or,1954-03-25 00:00:00,N,Zichron-Yaakov,0507250749,Leumit,Tripoli,1.54,44.0,True
317187365,F,Adi,1994-06-24 00:00:00,S,Eilat,0543048098,Leumit,Israel,1.52,53.0,True
331757094,F,Sarah,1957-10-30 00:00:00,C,Holon,0547688366,Maccabi,Italy,1.6800000000000002,70.0,False
275008860,M,Daniel,1951-08-17 00:00:00,C,Rehovot,0524163683,Clalit,Israel,1.98,95.0,False
275409322,M,Benjamin,1991-07-15 00:00:00,S,Eilat,0546680084,Maccabi,Israel,1.72,97.0,True
282878913,F,Omer,1984-04-16 00:00:00,S,Ashdod,0549689355,Maccabi,Israel,1.78,79.0,False
282609287,F,Shoshana,1961-08-30 00:00:00,C,Givatayim,0529407235,Clalit,Israel,1.76,70.0,False
174151291,M,Neta,1971-07-20 00:00:00,N,Akko,0528225123,Leumit,Italy,1.84,99.0,False
237651554,F,Ruth,1968-11-25 00:00:00,C,Herzliya,0527586481,Maccabi,England,2.1,96.0,False
213428625,M,Eitan,1981-07-19 00:00:00,N,Haifa,0506237541,Maccabi,Israel,1.6600000000000001,56.0,True
291991720,F,Devorah,1994-09-09 00:00:00,N,Zichron-Yaakov,0544985102,Maccabi,Poland,1.5,73.0,True
395279519,M,Barak,1992-08-27 00:00:00,N,Tiberias,0507964202,Maccabi,Czech Republic,1.84,83.0,True
225317887,F,Sahar,1959-07-23 00:00:00,N,Tiberias,0544441376,Leumit,Israel,1.6800000000000002,73.0,True
115609479,F,Ronit,1963-02-24 00:00:00,C,Rishon-LeZion,0544856718,Meuhedet,Ukraine,1.82,69.0,False
163649442,F,Elior,1991-10-14 00:00:00,C,Jerusalem,0548080102,Clalit,Brazil,1.72,88.0,True
157582165,F,Ayala,1964-02-18 00:00:00,S,Ashkelon,0504406966,Maccabi,Israel,1.74,76.0,True
126338803,F,Liora,1969-11-27 00:00:00,N,Zichron-Yaakov,0541251147,Leumit,Ukraine,1.78,97.0,False
354765116,M,Shlomo,1959-03-25 00:00:00,N,Zichron-Yaakov,0549979314,Clalit,Argentina,1.7,98.0,True
371834938,M,Rotem,1970-11-29 00:00:00,N,Haifa,0541712080,Leumit,Czech Republic,1.74,62.0,False
138618854,M,Yaakov,1983-01-14 00:00:00,N,Tiberias,0543650255,Clalit,Israel,1.72,68.0,True
191839196,F,Esther,1974-06-12 00:00:00,S,Beer-Sheva,0502286070,Clalit,Israel,1.76,99.0,True
129020947,F,Adi,1977-02-28 00:00:00,C,Ramat-Gan,0541491989,Leumit,England,1.76,97.0,False
250002565,F,Tova,1992-08-28 00:00:00,C,Herzliya,0526750669,Meuhedet,France,1.6600000000000001,70.0,True
136105687,F,Rebecca,1996-10-14 00:00:00,N,Tiberias,0507787530,Meuhedet,Italy,1.74,73.0,False
350406797,F,Shachar,1955-03-22 00:00:00,C,Givatayim,0548760483,Meuhedet,Argentina,1.56,72.0,True
284638037,F,Ruth,1953-04-16 00:00:00,C,Rehovot,0547505818,Leumit,Russia,1.82,90.0,True
342848912,M,Barak,1986-06-20 00:00:00,S,Eilat,0526824245,Maccabi,Czech Republic,1.8,99.0,True
376501133,F,Nitzan,1977-09-09 00:00:00,C,Bat-Yam,0505020257,Clalit,Israel,1.76,70.0,True
131889370,M,Zev,1977-08-16 00:00:00,S,Beer-Sheva,0505106498,Clalit,Russia,1.7,77.0,False
350020612,M,Oren,1976-05-06 00:00:00,N,Haifa,0506449636,Maccabi,Poland,1.52,49.0,True
378763373,M,Eden,1960-06-05 00:00:00,C,Petah-Tikva,0505631138,Clalit,Israel,1.82,89.0,False
159146313,F,Devorah,1955-06-05 00:00:00,C,Jerusalem,0524005535,Maccabi,Poland,1.6600000000000001,68.0,False
356238777,F,Ariel,1995-08-18 00:00:00,C,Tel-Aviv,0521592873,Maccabi,Ukraine,1.76,64.0,True
248384658,F,Tova,1960-09-10 00:00:00,C,Jerusalem,0505229974,Meuhedet,Israel,1.6400000000000001,51.0,True
314803076,M,Yitzhak,1950-01-29 00:00:00,S,Ashdod,0527963129,Leumit,Ukraine,1.78,81.0,False
219022944,M,Nitzan,1967-05-08 00:00:00,N,Haifa,0523677960,Clalit,Brazil,1.74,79.0,True
221036255,F,Liora,1976-05-09 00:00:00,S,Eilat,0543175382,Maccabi,Czech Republic,1.8800000000000001,64.0,True
346191180,F,Lior,1989-05-16 00:00:00,C,Yavne,0503445573,Leumit,Israel,1.8800000000000001,84.0,True
261053391,M,Benjamin,1966-11-22 00:00:00,N,Zichron-Yaakov,0549706488,Maccabi,England,1.5,62.0,True
157092490,F,Or,1990-08-20 00:00:00,C,Rehovot,0525546096,Meuhedet,Brazil,1.6,59.0,True
198967002,M,Shachar,1982-03-02 00:00:00,C,Petah-Tikva,0523701746,Maccabi,Israel,1.76,93.0,True
235428857,F,Elisheva,1951-02-03 00:00:00,S,Ashdod,0548495965,Maccabi,Tripoli,1.62,68.0,True
267506586,F,Devorah,1975-11-15 00:00:00,C,Rishon-LeZion,0505915070,Leumit,Morocco,1.62,72.0,True
199769605,F,Ronit,1983-02-21 00:00:00,S,Beer-Sheva,0505554287,Maccabi,Israel,1.6400000000000001,66.0,False
396011940,M,Samuel,1983-12-27 00:00:00,N,Zichron-Yaakov,0542387977,Leumit,Russia,1.78,78.0,False
112836502,M,Meir,1968-04-09 00:00:00,N,Haifa,0504877342,Maccabi,Slovakia,1.74,98.0,True
332163639,F,Michal,1971-04-29 00:00:00,N,Haifa,0544528194,Meuhedet,Slovakia,1.98,99.0,False
351232650,F,Neta,1988-09-13 00:00:00,C,Ramat-Gan,0526423545,Meuhedet,Israel,1.6600000000000001,64.0,False
214259532,F,Esther,1951-12-10 00:00:00,S,Ashdod,0547972037,Leumit,Russia,1.76,75.0,True
248051600,M,Reuven,1967-08-30 00:00:00,N,Akko,0527293121,Maccabi,Morocco,1.8,72.0,True
215789229,M,Asher,1960-11-06 00:00:00,C,Netanya,0544724988,Maccabi,Israel,1.86,66.0,True
113493319,F,Neta,1961-06-26 00:00:00,N,Tiberias,0507604929,Meuhedet,Israel,1.6600000000000001,48.0,False
248937251,F,Neta,1968-11-25 00:00:00,C,Ramat-Gan,0508404267,Leumit,Israel,1.86,92.0,True
351876223,F,Keren,1969-03-06 00:00:00,C,Bat-Yam,0524967999,Leumit,Israel,1.6,60.0,False
167414895,M,Gal,1973-05-16 00:00:00,C,Tel-Aviv,0526663020,Clalit,Israel,1.58,50.0,True
347787381,M,Tal,1964-08-07 00:00:00,N,Akko,0522830279,Leumit,Morocco,1.76,90.0,False
246329784,F,Moran,1964-01-22 00:00:00,C,Herzliya,0503717551,Clalit,Israel,1.6800000000000002,66.0,False
362360468,F,Shalev,1965-03-08 00:00:00,C,Holon,0527502072,Clalit,Israel,1.8,89.0,True
373606838,M,Jonathan,1974-07-28 00:00:00,C,Rehovot,0542423517,Meuhedet,Israel,1.62,70.0,True
357182485,F,Nitzan,1970-03-12 00:00:00,C,Tel-Aviv,0546778673,Meuhedet,Israel,1.62,69.0,True
164999012,F,Hadas,1965-12-11 00:00:00,C,Rehovot,0503038049,Maccabi,Israel,1.6400000000000001,48.0,True
180516083,M,Asher,1969-02-10 00:00:00,C,Givatayim,0546866163,Clalit,Israel,1.8800000000000001,67.0,False
266817598,F,Keren,1983-06-16 00:00:00,C,Bat-Yam,0527268765,Maccabi,Israel,1.5,46.0,True
219618358,M,Moran,1983-07-29 00:00:00,S,Beer-Sheva,0503468041,Clalit,Israel,1.58,66.0,True
163447812,F,Ariel,1989-06-19 00:00:00,C,Ramat-Gan,0544969998,Clalit,Czech Republic,1.8,90.0,True
218392548,F,Rebecca,1961-10-08 00:00:00,C,Holon,0548558831,Clalit,Israel,1.54,44.0,True
392187872,F,Shai,1960-03-26 00:00:00,C,Ramat-Gan,0549398759,Maccabi,Israel,1.6400000000000001,54.0,True
225666705,M,Yaakov,1974-09-23 00:00:00,N,Nazareth,0526454282,Clalit,Israel,1.8,66.0,True
132790611,F,Liora,1968-08-11 00:00:00,N,Haifa,0541529996,Leumit,Morocco,1.82,71.0,True
357068475,F,Penina,1959-08-02 00:00:00,S,Beer-Sheva,0545240305,Leumit,Czech Republic,2.06,107.0,True
259891929,F,Shalev,1981-11-12 00:00:00,S,Ashdod,0526944790,Maccabi,Israel,2.08,107.0,False
138225263,M,Doron,1956-07-25 00:00:00,C,Netanya,0504076992,Maccabi,Brazil,1.86,68.0,True
375238762,F,Gal,1979-11-13 00:00:00,N,Tiberias,0526054838,Clalit,England,1.76,70.0,False
187992006,F,Shachar,1992-02-22 00:00:00,S,Ashdod,0548665978,Meuhedet,Israel,1.76,62.0,True
113311739,M,Uri,1953-09-30 00:00:00,C,Herzliya,0525511821,Leumit,Brazil,1.72,63.0,True
127563563,M,Omer,1957-06-09 00:00:00,C,Rishon-LeZion,0549188240,Clalit,Israel,1.78,80.0,False
143854531,F,Ariel,1970-02-28 00:00:00,N,Tiberias,0522997115,Maccabi,Brazil,1.6,53.0,True
381140540,M,Avraham,1965-01-19 00:00:00,C,Yavne,0549267426,Maccabi,Israel,1.8800000000000001,95.0,True
378872905,F,Tova,1961-07-22 00:00:00,C,Tel-Aviv,0506920651,Meuhedet,Morocco,1.8,76.0,False
279624867,F,Doron,1958-04-26 00:00:00,C,Jerusalem,0529322789,Clalit,Israel,1.78,68.0,True
222144543,M,Amit,1962-02-15 00:00:00,C,Jerusalem,0548327072,Clalit,Slovakia,1.74,82.0,True
187597088,M,Eli,1977-02-16 00:00:00,C,Holon,0546911782,Maccabi,Czech Republic,1.6600000000000001,75.0,True
298323985,F,Hadas,1959-05-11 00:00:00,C,Givatayim,0526549985,Leumit,Argentina,1.84,79.0,True
349510729,M,Tal,1957-06-14 00:00:00,C,Jerusalem,0502539318,Meuhedet,Israel,1.5,54.0,True
377024338,F,Keren,1995-06-09 00:00:00,C,Yavne,0544828686,Maccabi,Israel,1.54,48.0,False
362631597,M,Rotem,1971-09-12 00:00:00,C,Ramat-Gan,0503179531,Clalit,Israel,1.6,51.0,False
254884275,F,Shira,1978-06-08 00:00:00,N,Zichron-Yaakov,0527512927,Meuhedet,Italy,1.74,66.0,False
199874269,F,Miriam,1995-03-10 00:00:00,S,Eilat,0529238059,Clalit,Czech Republic,1.54,71.0,False
112033732,F,Gal,1953-09-18 00:00:00,C,Herzliya,0548741862,Meuhedet,England,1.62,57.0,True
265505387,F,Esther,1967-09-13 00:00:00,N,Zichron-Yaakov,0506879921,Clalit,Ukraine,1.76,92.0,True
135369754,M,Yitzhak,1968-06-11 00:00:00,N,Tiberias,0541564858,Leumit,Israel,1.8800000000000001,66.0,True
398902896,M,Yuval,1990-06-18 00:00:00,C,Rehovot,0521862518,Clalit,Israel,1.8,79.0,True
340783251,F,Devorah,1971-09-25 00:00:00,C,Tel-Aviv,0528738565,Clalit,Russia,1.58,64.0,True
359315952,F,Ilana,1950-08-30 00:00:00,N,Zichron-Yaakov,0522006416,Clalit,Brazil,1.86,87.0,False
250354132,F,Hannah,1995-01-29 00:00:00,N,Akko,0524235381,Meuhedet,Morocco,1.8,81.0,True
364837785,F,Yuval,1970-05-15 00:00:00,C,Rishon-LeZion,0527201026,Leumit,Morocco,1.7,80.0,True
295958610,M,Lior,1960-12-12 00:00:00,N,Akko,0526253477,Maccabi,Israel,1.8,89.0,True
237073424,M,Ariel,1982-09-17 00:00:00,N,Haifa,0502077276,Leumit,Slovakia,1.58,77.0,True
399783569,F,Rebecca,1983-06-15 00:00:00,S,Beer-Sheva,0542181160,Meuhedet,Israel,1.6600000000000001,46.0,False
230963529,F,Tova,1981-03-25 00:00:00,N,Haifa,0547736265,Maccabi,France,1.82,64.0,True
346691762,M,Gideon,1977-08-03 00:00:00,C,Givatayim,0546486542,Leumit,Israel,1.56,53.0,False
219619185,M,Reuven,1963-04-28 00:00:00,N,Akko,0547404854,Clalit,Israel,2.1,113.0,True
228329179,M,Noam,1978-12-12 00:00:00,S,Ashkelon,0529691548,Leumit,Brazil,1.6,52.0,True
278841642,F,Sarah,1962-02-10 00:00:00,N,Tiberias,0528860633,Meuhedet,England,1.78,97.0,False
341144890,F,Shalev,1963-06-04 00:00:00,N,Zichron-Yaakov,0548059517,Maccabi,Israel,1.92,109.0,True
143111543,F,Shai,1954-04-08 00:00:00,C,Rehovot,0529446359,Maccabi,Israel,1.92,113.0,True
219754028,F,Hannah,1981-07-27 00:00:00,N,Zichron-Yaakov,0507514818,Leumit,Slovakia,1.8800000000000001,89.0,True
263032342,M,Moshe,1960-01-20 00:00:00,C,Rehovot,0542815945,Leumit,Tripoli,1.82,92.0,True
389307488,M,Shalev,1982-02-25 00:00:00,N,Haifa,0545581509,Clalit,Israel,1.58,78.0,True
153280127,F,Adi,1975-10-27 00:00:00,C,Rehovot,0507483288,Clalit,England,1.54,49.0,True
321967499,F,Aviva,1956-04-23 00:00:00,C,Herzliya,0502833870,Leumit,Yemen,1.72,60.0,True
331991088,M,Rotem,1977-02-14 00:00:00,C,Petah-Tikva,0502655379,Clalit,Israel,1.7,71.0,True
185736887,M,Barak,1957-12-29 00:00:00,N,Haifa,0541086646,Leumit,Israel,1.78,73.0,True
393893300,M,Barak,1966-07-04 00:00:00,S,Beer-Sheva,0525727009,Meuhedet,Israel,2.02,119.0,False
322507821,M,David,1988-09-12 00:00:00,S,Ashdod,0506447601,Meuhedet,Israel,1.72,63.0,True
345093176,F,Elior,1982-01-06 00:00:00,N,Haifa,0503018077,Leumit,Israel,1.86,88.0,True
165736388,F,Adi,1969-06-21 00:00:00,C,Tel-Aviv,0545292023,Maccabi,Ukraine,1.56,52.0,True
397545693,M,Samuel,1982-06-30 00:00:00,C,Jerusalem,0543650093,Clalit,Israel,1.82,74.0,True
260298967,M,Moran,1963-09-19 00:00:00,S,Beer-Sheva,0502235699,Maccabi,France,1.58,75.0,True
274770011,F,Yuval,1980-04-18 00:00:00,N,Zichron-Yaakov,0541192541,Clalit,Slovakia,1.62,51.0,True
323627421,F,Chana,1972-06-15 00:00:00,C,Holon,0502807597,Maccabi,Tripoli,1.58,50.0,True
151069828,M,Yuval,1964-07-17 00:00:00,S,Beer-Sheva,0549013661,Maccabi,Israel,1.8,88.0,False
251328634,F,Ariel,1979-03-21 00:00:00,S,Beer-Sheva,0525695684,Maccabi,Czech Republic,1.6,66.0,True
251202008,M,Shachar,1962-10-11 00:00:00,C,Bat-Yam,0504982331,Clalit,Ukraine,1.5,57.0,True
357603137,F,Yuval,1993-04-09 00:00:00,S,Beer-Sheva,0541553959,Leumit,Italy,1.6400000000000001,58.0,True
214961282,F,Elisheva,1990-12-20 00:00:00,S,Ashdod,0523655501,Maccabi,Israel,1.58,64.0,False
177556315,M,Shalev,1996-01-17 00:00:00,N,Zichron-Yaakov,0508894546,Leumit,Tripoli,1.54,71.0,True
275777801,M,Sahar,1980-01-29 00:00:00,C,Jerusalem,0527137010,Clalit,Israel,1.82,86.0,False
321922034,M,David,1985-04-15 00:00:00,C,Givatayim,0508820990,Maccabi,Morocco,1.74,96.0,False
356337911,F,Penina,1957-08-22 00:00:00,C,Ramat-Gan,0546790437,Leumit,Israel,1.74,74.0,True
133433504,M,Or,1981-02-23 00:00:00,N,Nazareth,0501708274,Maccabi,Ukraine,2.1,116.0,True
237194368,F,Devorah,1967-06-30 00:00:00,C,Yavne,0522193540,Maccabi,Russia,1.96,97.0,True
365463868,M,Tzur,1978-06-12 00:00:00,N,Nazareth,0548383395,Maccabi,Poland,1.54,66.0,True
339351196,M,Amit,1968-10-02 00:00:00,C,Rehovot,0509370949,Leumit,England,1.8,74.0,False
287066220,F,Omer,1955-06-02 00:00:00,N,Zichron-Yaakov,0548183901,Leumit,France,1.76,70.0,True
313459012,M,Doron,1967-08-06 00:00:00,C,Holon,0548061442,Maccabi,Czech Republic,1.72,80.0,True
347074723,F,Gal,1962-09-21 00:00:00,S,Beer-Sheva,0506075545,Clalit,Israel,1.56,52.0,True
128209654,M,Rafi,1991-12-20 00:00:00,N,Nazareth,0506743430,Meuhedet,Israel,1.84,83.0,True
357544866,F,Gila,1962-12-30 00:00:00,N,Tiberias,0504261112,Meuhedet,Russia,1.56,68.0,False
151391678,F,Adina,1959-11-07 00:00:00,C,Herzliya,0545331449,Maccabi,Israel,1.74,71.0,True
247325033,M,Rotem,1958-10-21 00:00:00,N,Nazareth,0505998547,Maccabi,Brazil,1.76,92.0,True
113686143,M,Shlomo,1951-11-19 00:00:00,N,Akko,0523703116,Clalit,Ukraine,1.7,97.0,True
396252902,F,Elisheva,1951-02-26 00:00:00,N,Nazareth,0542903530,Meuhedet,Israel,1.56,76.0,True
390049480,M,Yosef,1957-02-25 00:00:00,N,Nazareth,0546283205,Meuhedet,Israel,1.78,76.0,True
123161491,M,Neta,1976-08-01 00:00:00,C,Netanya,0501649716,Leumit,Israel,1.7,61.0,True
295795528,M,Shalev,1962-12-12 00:00:00,C,Jerusalem,0547408404,Maccabi,Czech Republic,2.02,111.0,True
134358764,M,Moran,1982-07-01 00:00:00,N,Haifa,0522023105,Leumit,Tripoli,1.78,75.0,True
292445305,F,Or,1968-04-18 00:00:00,N,Tiberias,0507294218,Maccabi,Israel,1.6,55.0,True
273193588,M,Meir,1968-05-25 00:00:00,C,Ramat-Gan,0541842518,Leumit,Morocco,1.56,76.0,True
381041413,M,Rotem,1964-01-14 00:00:00,C,Herzliya,0548831655,Meuhedet,Israel,1.96,95.0,True
110359015,M,Meir,1975-03-29 00:00:00,N,Akko,0528294544,Clalit,Czech Republic,1.5,78.0,True
155551306,M,Uri,1963-05-08 00:00:00,S,Beer-Sheva,0503919839,Leumit,Ukraine,1.8,98.0,False
231507159,M,Eitan,1963-07-01 00:00:00,S,Ashkelon,0549328304,Maccabi,Israel,1.6,55.0,True
223587504,M,Eliezer,1981-02-20 00:00:00,C,Herzliya,0529213072,Leumit,Poland,1.84,90.0,False
277172997,F,Elisheva,1988-08-15 00:00:00,C,Netanya,0547888697,Leumit,Czech Republic,1.74,81.0,True
324909907,F,Keren,1955-12-15 00:00:00,S,Ashkelon,0525400893,Maccabi,Poland,2.0,98.0,False
169828353,F,Bracha,1990-04-07 00:00:00,S,Ashdod,0547760075,Meuhedet,England,1.6,67.0,True
213844555,M,Rafi,1953-01-14 00:00:00,S,Ashkelon,0547605574,Leumit,Slovakia,1.94,96.0,False
355825203,F,Ariel,1951-11-17 00:00:00,S,Beer-Sheva,0546825926,Clalit,Israel,1.6600000000000001,48.0,True
399543275,M,Noam,1978-10-12 00:00:00,C,Tel-Aviv,0508923288,Meuhedet,Ukraine,1.52,51.0,True
146834753,F,Omer,1976-01-17 00:00:00,S,Ashdod,0522174773,Leumit,England,1.8,66.0,True
316492368,F,Elisheva,1992-10-23 00:00:00,C,Tel-Aviv,0522301514,Maccabi,Ukraine,1.8,98.0,True
111921714,F,Adina,1961-04-29 00:00:00,C,Holon,0543225970,Leumit,Tripoli,1.8800000000000001,64.0,True
137742905,F,Nitzan,1972-12-10 00:00:00,N,Akko,0527509916,Clalit,France,1.8,60.0,True
252674415,M,Rotem,1967-06-13 00:00:00,N,Nazareth,0506029151,Leumit,Brazil,2.02,100.0,True
139542470,F,Leah,1980-05-11 00:00:00,N,Tiberias,0549385907,Meuhedet,Russia,1.76,67.0,True
291167644,M,Tzur,1970-11-26 00:00:00,N,Haifa,0526526430,Meuhedet,Ukraine,1.82,78.0,False
396499681,M,Isaac,1963-03-08 00:00:00,S,Ashdod,0507303821,Leumit,Brazil,1.9,99.0,True
240173602,M,Aaron,1957-06-20 00:00:00,C,Rehovot,0527740182,Meuhedet,Ukraine,1.62,52.0,True
155620896,M,Shai,1969-06-20 00:00:00,C,Holon,0528766886,Clalit,Israel,1.8,62.0,True
245131332,M,Avraham,1954-12-06 00:00:00,C,Netanya,0522356251,Clalit,Israel,1.54,76.0,False
317415543,M,Ariel,1981-06-25 00:00:00,C,Holon,0522102169,Meuhedet,Israel,1.84,98.0,False
392170663,M,Tal,1951-01-11 00:00:00,S,Ashkelon,0543453499,Leumit,Israel,1.76,72.0,True
170221247,F,Leah,1960-10-01 00:00:00,C,Herzliya,0549522725,Meuhedet,Russia,2.02,93.0,False
221300753,F,Ayala,1977-01-09 00:00:00,C,Jerusalem,0502336380,Leumit,Czech Republic,1.72,93.0,True
238399240,M,Meir,1983-12-15 00:00:00,S,Eilat,0508472335,Leumit,Israel,1.82,77.0,True
294187174,M,Moran,1954-01-16 00:00:00,C,Holon,0507905165,Maccabi,Israel,2.02,117.0,False
195105405,M,Samuel,1993-05-20 00:00:00,C,Holon,0524952250,Maccabi,Israel,1.94,99.0,False
219276780,F,Adi,1984-07-10 00:00:00,C,Yavne,0523369644,Maccabi,Israel,1.58,79.0,False
237652410,F,Aviva,1972-08-15 00:00:00,C,Jerusalem,0508260845,Meuhedet,Slovakia,1.8,65.0,True
324589316,F,Tova,1956-01-05 00:00:00,C,Ramat-Gan,0549587792,Clalit,Israel,1.5,69.0,True
181402324,F,Liora,1965-03-22 00:00:00,N,Zichron-Yaakov,0544598926,Clalit,Slovakia,1.74,96.0,False
257196301,F,Eden,1989-01-02 00:00:00,C,Holon,0545105757,Clalit,Israel,1.7,82.0,True
237857466,F,Shalev,1957-02-26 00:00:00,S,Ashkelon,0546991428,Meuhedet,Israel,1.78,98.0,True
381094829,M,Eitan,1969-06-24 00:00:00,S,Ashkelon,0503789777,Leumit,Argentina,1.8,93.0,False
173647928,F,Leah,1986-04-14 00:00:00,S,Beer-Sheva,0527446856,Meuhedet,Morocco,1.98,114.0,True
144835788,F,Hannah,1956-09-20 00:00:00,N,Tiberias,0507765301,Maccabi,Poland,2.1,102.0,True
357771777,M,Tal,1984-10-17 00:00:00,C,Rishon-LeZion,0525147414,Leumit,Italy,1.74,70.0,True
368105046,M,Omer,1961-10-22 00:00:00,N,Akko,0505494544,Maccabi,Ukraine,1.82,98.0,True
321458553,M,Gideon,1972-04-02 00:00:00,S,Beer-Sheva,0544684519,Maccabi,Russia,1.6400000000000001,56.0,True
121735960,M,David,1951-09-17 00:00:00,N,Nazareth,0541032034,Leumit,Czech Republic,1.6,67.0,True
295393405,M,Shachar,1976-08-28 00:00:00,C,Tel-Aviv,0508283519,Leumit,Israel,1.62,49.0,False
347064177,M,Oren,1957-05-30 00:00:00,C,Netanya,0506418936,Leumit,Ukraine,1.84,88.0,True
365260438,M,Eliezer,1980-04-22 00:00:00,S,Eilat,0507285701,Maccabi,Israel,1.58,64.0,True
288711834,F,Shai,1992-05-12 00:00:00,C,Herzliya,0524351441,Meuhedet,Israel,1.76,91.0,False
345664721,M,Tzur,1953-10-24 00:00:00,C,Holon,0507402014,Clalit,Slovakia,1.6800000000000002,70.0,True
351807752,F,Gila,1957-10-20 00:00:00,N,Tiberias,0506604130,Leumit,England,1.6,51.0,True
259785105,F,Yuval,1972-10-10 00:00:00,N,Haifa,0542232141,Leumit,Slovakia,1.6600000000000001,71.0,True
278534367,F,Ariel,1995-03-27 00:00:00,C,Petah-Tikva,0546927043,Leumit,Israel,1.74,77.0,True
195579141,F,Shalev,1991-01-26 00:00:00,C,Herzliya,0541118254,Maccabi,Morocco,1.74,98.0,True
363593883,F,Shai,1992-06-23 00:00:00,S,Eilat,0509307363,Meuhedet,Israel,1.6,52.0,True
196329699,F,Or,1952-12-11 00:00:00,N,Nazareth,0504851201,Maccabi,France,1.8,65.0,False
363788063,F,Amit,1989-01-08 00:00:00,N,Haifa,0508256412,Maccabi,Czech Republic,1.76,64.0,False
295651227,F,Neta,1962-04-15 00:00:00,C,Netanya,0548752190,Clalit,Israel,1.84,95.0,True
248578359,F,Sarah,1962-10-02 00:00:00,S,Eilat,0521457838,Clalit,Slovakia,1.6600000000000001,78.0,True
384902275,F,Keren,1980-08-30 00:00:00,C,Holon,0547267367,Meuhedet,Slovakia,1.56,56.0,True
187620446,F,Sarah,1969-06-07 00:00:00,N,Haifa,0541239994,Clalit,France,1.78,99.0,True
378264666,F,Shachar,1988-02-08 00:00:00,C,Petah-Tikva,0509216591,Clalit,Poland,1.5,57.0,True
356621578,M,Rafi,1981-09-17 00:00:00,C,Holon,0502183432,Meuhedet,Czech Republic,1.92,108.0,True
251424911,F,Tova,1984-08-29 00:00:00,C,Givatayim,0507320686,Meuhedet,Czech Republic,1.58,75.0,True
375281248,M,Omer,1968-10-04 00:00:00,C,Ramat-Gan,0547129774,Clalit,Russia,1.72,95.0,True
154462584,F,Keren,1993-04-17 00:00:00,N,Haifa,0545765081,Meuhedet,Ukraine,1.78,62.0,False
330128579,F,Rebecca,1977-01-02 00:00:00,N,Akko,0502008521,Maccabi,Israel,1.6400000000000001,55.0,True
312672858,M,Or,1960-05-08 00:00:00,C,Petah-Tikva,0546096532,Meuhedet,Israel,1.74,67.0,True
267993615,M,Yair,1973-12-06 00:00:00,N,Haifa,0505476618,Meuhedet,Ukraine,1.6,44.0,False
232659183,F,Tal,1983-07-24 00:00:00,C,Jerusalem,0508972875,Maccabi,Ukraine,1.56,61.0,False
128898446,M,Yaakov,1977-06-15 00:00:00,C,Holon,0543737063,Maccabi,Israel,1.98,94.0,True
231509099,M,Meir,1977-10-06 00:00:00,C,Petah-Tikva,0525842333,Leumit,Brazil,1.56,77.0,False
340971723,M,Reuven,1964-05-07 00:00:00,C,Givatayim,0549459185,Leumit,Czech Republic,1.6600000000000001,62.0,True
371248498,F,Esther,1958-07-21 00:00:00,C,Herzliya,0501670249,Leumit,Russia,1.58,67.0,True
